{"stat.pickup.tconstruct.book":1,"stat.mineBlock.extratrees.leaves.default.19":1,"stat.useItem.harvestcraft.rhubarbitem":30,"stat.leaveGame":24,"stat.pickup.extrautils2.redorchid":2,"stat.mineBlock.ic2.rubber_wood":4,"stat.pickup.gravestone.death_info":2,"stat.drop.forge.bucketfilled":1,"stat.useItem.minecraft.poisonous_potato":1,"stat.mineBlock.harvestcraft.beehive":9,"stat.useItem.minecraft.planks":207,"stat.pickup.bigreactors.brore":16,"stat.entityKilledBy.PigZombie":2,"stat.useItem.thermalfoundation.ore":1,"stat.pickup.minecraft.glass":79,"stat.mineBlock.gravestone.gravestone":4,"stat.useItem.actuallyadditions.item_rice_seed":18,"stat.useItem.minecraft.water_bucket":7,"stat.pickup.minecraft.rotten_flesh":14,"stat.craftItem.minecraft.dark_oak_fence":193,"stat.craftItem.minecraft.stone_axe":6,"stat.pickup.minecraft.cobblestone_wall":2,"stat.pickup.minecraft.bucket":3,"stat.pickup.harvestcraft.wintersquashitem":4,"stat.mineBlock.magicbees.hiveblock":13,"stat.craftItem.forestry.pipette":1,"stat.craftItem.minecraft.stone_sword":1,"stat.pickup.minecraft.brown_mushroom":3,"stat.pickup.harvestcraft.scallionitem":9,"stat.pickup.forestry.bee_chest":28,"stat.pickup.harvestcraft.mango_sapling":1,"stat.craftItem.forestry.sturdy_machine":5,"stat.hopperInspected":1,"stat.pickup.forestry.crate":64,"stat.useItem.minecraft.iron_pickaxe":33,"stat.craftItem.minecraft.wooden_pickaxe":1,"stat.pickup.harvestcraft.rhubarbitem":101,"stat.pickup.forestry.pollen_fertile":2,"stat.craftItem.harvestcraft.almond_sapling":2,"stat.pickup.astralsorcery.itemjournal":2,"stat.pickup.minecraft.double_plant":1,"stat.craftItem.minecraft.glass_pane":32,"stat.mineBlock.forestry.logs.0":23,"stat.drop.gravestone.death_info":2,"stat.pickup.actuallyadditions.item_worm":2,"stat.pickup.harvestcraft.onionitem":42,"stat.mineBlock.minecraft.vine":1,"stat.pickup.thermalfoundation.material":8,"stat.useItem.actuallyadditions.item_coffee_seed":19,"stat.furnaceInteraction":24,"stat.pickup.harvestcraft.durian_sapling":1,"stat.mineBlock.botania.flower":2,"stat.pickup.harvestcraft.cornitem":95,"stat.pickup.actuallyadditions.item_solidified_experience":1,"stat.craftItem.thermalfoundation.material":80,"stat.pickup.harvestcraft.turnipitem":5,"stat.pickup.minecraft.beef":1,"stat.mineBlock.harvestcraft.windygarden":9,"stat.craftItem.harvestcraft.durian_sapling":2,"stat.useItem.thermaldynamics.duct_0":6,"stat.pickup.minecraft.cauldron":1,"stat.mineBlock.harvestcraft.mango_sapling":1,"stat.useItem.minecraft.stone_stairs":16,"stat.useItem.harvestcraft.fig_sapling":5,"stat.useItem.minecraft.dark_oak_door":2,"stat.pickup.minecraft.stone_stairs":7,"stat.mineBlock.minecraft.fence":1,"stat.useItem.minecraft.wheat_seeds":63,"stat.mineBlock.minecraft.dark_oak_fence_gate":3,"stat.pickup.forestry.bee_princess_ge":24,"stat.mineBlock.minecraft.oak_stairs":3,"stat.useItem.harvestcraft.beanitem":12,"stat.pickup.minecraft.lever":1,"stat.deaths":5,"stat.pickup.minecraft.egg":26,"stat.playOneMinute":1185405,"stat.craftItem.harvestcraft.fig_sapling":3,"stat.mineBlock.extrabees.hive":4,"stat.mineBlock.actuallyadditions.block_wild":4,"stat.pickup.minecraft.glass_pane":14,"stat.drop.minecraft.torch":1,"stat.pickup.chisel.marble2":3,"stat.mineBlock.minecraft.tallgrass":999,"stat.pickup.harvestcraft.cottonitem":4,"stat.pickup.harvestcraft.fig_sapling":6,"stat.chestOpened":529,"stat.pickup.harvestcraft.tomatoitem":64,"stat.mineBlock.minecraft.dark_oak_fence":37,"stat.useItem.minecraft.stone":6,"stat.mineBlock.forestry.centrifuge":1,"stat.pickup.minecraft.waterlily":5,"stat.pickup.minecraft.wooden_pressure_plate":10,"stat.pickup.harvestcraft.chilipepperitem":86,"stat.drop.minecraft.iron_pickaxe":1,"stat.fallOneCm":24362,"stat.pickup.minecraft.carrot":85,"stat.useItem.harvestcraft.chilipepperitem":18,"stat.pickup.actuallyadditions.item_food":55,"stat.mineBlock.minecraft.chest":8,"stat.craftItem.minecraft.chest":12,"stat.craftingTableInteraction":24,"stat.drop.thermaldynamics.duct_16":3,"stat.mineBlock.minecraft.wooden_pressure_plate":7,"stat.mineBlock.minecraft.log2":94,"stat.pickup.minecraft.wooden_pickaxe":3,"stat.useItem.minecraft.dark_oak_fence":119,"stat.pickup.theoneprobe.probenote":4,"stat.pickup.minecraft.dye":65,"stat.pickup.minecraft.planks":506,"stat.useItem.harvestcraft.lettuceitem":5,"stat.pickup.minecraft.wheat_seeds":1196,"stat.craftItem.minecraft.dark_oak_fence_gate":4,"stat.mineBlock.minecraft.gravel":10,"stat.useItem.minecraft.stone_pickaxe":362,"stat.mineBlock.minecraft.glass":12,"stat.useItem.minecraft.stone_sword":501,"stat.pickup.thermaldynamics.duct_16":2,"stat.pickup.forestry.beeswax":2,"stat.mineBlock.minecraft.dirt":295,"stat.craftItem.thermaldynamics.duct_16":18,"stat.pickup.minecraft.poisonous_potato":4,"stat.useItem.minecraft.torch":125,"stat.pickup.immersiveengineering.seed":27,"stat.useItem.minecraft.bread":59,"stat.craftItem.forestry.centrifuge":1,"stat.craftItem.forestry.carpenter":2,"stat.pickup.harvestcraft.almonditem":14,"stat.mineBlock.actuallyadditions.block_black_lotus":1,"stat.craftItem.minecraft.stone_stairs":12,"stat.useItem.minecraft.cobblestone":64,"stat.useItem.minecraft.gravel":7,"stat.mineBlock.minecraft.double_plant":44,"stat.useItem.actuallyadditions.item_canola_seed":52,"stat.pickup.minecraft.log":68,"stat.pickup.minecraft.iron_pickaxe":5,"stat.drop.minecraft.planks":1,"stat.pickup.minecraft.sapling":34,"stat.pickup.minecraft.apple":9,"stat.mineBlock.harvestcraft.fig_sapling":5,"stat.pickup.minecraft.beetroot":27,"stat.pickup.forestry.centrifuge":1,"stat.pickup.harvestcraft.parsnipitem":15,"stat.mineBlock.forestry.bee_chest":16,"stat.craftItem.minecraft.bucket":2,"stat.craftItem.minecraft.planks":724,"stat.mineBlock.actuallyadditions.block_laser_relay":1,"stat.pickup.minecraft.stone_sword":6,"stat.useItem.minecraft.wooden_pressure_plate":6,"stat.mineBlock.minecraft.log":12,"stat.craftItem.thermaldynamics.duct_0":12,"stat.craftItem.harvestcraft.mango_sapling":2,"stat.mineBlock.minecraft.waterlily":5,"stat.useItem.minecraft.stone_hoe":52,"stat.mineBlock.forestry.sapling_ge":8,"stat.pickup.forestry.squeezer":3,"stat.pickup.minecraft.red_flower":23,"stat.useItem.minecraft.beetroot_seeds":9,"stat.sneakTime":83,"stat.pickup.minecraft.wool":28,"stat.useItem.minecraft.wooden_axe":68,"stat.pickup.minecraft.chest":11,"stat.drop.minecraft.stone_pickaxe":1,"stat.pickup.forestry.sapling":17,"stat.mineBlock.forestry.leaves":198,"stat.mineBlock.minecraft.cobblestone":9,"stat.pickup.minecraft.stone_pickaxe":8,"stat.pickup.minecraft.flint":2,"stat.mineBlock.minecraft.yellow_flower":1,"stat.mineBlock.actuallyadditions.block_misc":17,"stat.mineBlock.appliedenergistics2.quartz_ore":3,"stat.swimOneCm":38875,"stat.climbOneCm":1892,"stat.useItem.thermaldynamics.duct_16":2,"stat.craftItem.ic2.fluid_cell":2,"stat.craftItem.forestry.fabricator":1,"stat.useItem.minecraft.dirt":376,"stat.useItem.harvestcraft.tomatoitem":18,"stat.useItem.minecraft.stone_slab2":107,"stat.pickup.forge.bucketfilled":1,"stat.pickup.ic2.fluid_cell":2,"stat.craftItem.minecraft.dark_oak_door":3,"stat.pickup.minecraft.stone_hoe":1,"stat.pickup.thermalfoundation.ore":45,"stat.useItem.minecraft.egg":16,"stat.craftItem.minecraft.stone_pickaxe":3,"stat.craftItem.minecraft.cooked_beef":1,"stat.mineBlock.harvestcraft.apple_sapling":1,"stat.pickup.minecraft.shears":2,"stat.pickup.minecraft.cobblestone":348,"stat.pickup.extratrees.hops":58,"stat.flyOneCm":22107,"stat.pickup.appliedenergistics2.material":5,"stat.pickup.forestry.stump":6,"stat.useItem.minecraft.cooked_beef":4,"stat.craftItem.minecraft.wooden_slab":21,"stat.pickup.minecraft.redstone":176,"stat.mineBlock.minecraft.iron_ore":52,"stat.timeSinceDeath":19455,"stat.useItem.harvestcraft.peanutitem":15,"stat.pickup.integrateddynamics.on_the_dynamics_of_integration":3,"stat.pickup.actuallyadditions.item_rice_seed":37,"stat.drop.forestry.scoop":1,"stat.pickup.harvestcraft.almond_sapling":2,"stat.useItem.minecraft.lever":1,"stat.pickup.harvestcraft.beanitem":13,"stat.useItem.minecraft.potato":18,"stat.pickup.minecraft.wooden_axe":3,"stat.useItem.harvestcraft.cornitem":35,"stat.pickup.minecraft.dark_oak_door":4,"stat.mineBlock.thermalfoundation.ore":21,"stat.pickup.thermaldynamics.duct_0":19,"stat.drop.minecraft.dirt":3,"stat.mineBlock.minecraft.coal_ore":86,"stat.pickup.forestry.honey_drop":1,"stat.talkedToVillager":2,"stat.mineBlock.forestry.stairs.fireproof.maple":4,"stat.pickup.forestry.bee_combs":4,"stat.pickup.minecraft.string":73,"stat.mineBlock.harvestcraft.pamdurian":1,"stat.craftItem.harvestcraft.apple_sapling":2,"stat.craftItem.ic2.casing":30,"stat.entityKilledBy.Skeleton":2,"stat.craftItem.minecraft.stone_slab2":0,"stat.craftItem.forestry.scoop":3,"stat.useItem.harvestcraft.cucumberitem":11,"stat.sprintOneCm":206855,"stat.pickup.actuallyadditions.item_misc":113,"stat.pickup.forestry.portable_alyzer":5,"stat.craftItem.minecraft.stick":312,"stat.craftItem.minecraft.wooden_axe":2,"stat.pickup.harvestcraft.barleyitem":1,"stat.mineBlock.harvestcraft.pamapple":1,"stat.useItem.minecraft.carrot":19,"stat.pickup.forestry.logs.0":56,"stat.useItem.harvestcraft.turnipitem":1,"stat.craftItem.minecraft.wooden_pressure_plate":6,"stat.pickup.botania.flower":5,"stat.mineBlock.forestry.squeezer":3,"stat.mineBlock.minecraft.planks":163,"stat.drop":19,"stat.mineBlock.forestry.stairs.fireproof.citrus":2,"stat.pickup.harvestcraft.apple_sapling":1,"stat.killEntity.Zombie":5,"stat.diveOneCm":7842,"stat.pickup.minecraft.wheat":879,"stat.pickup.harvestcraft.garlicitem":1,"stat.mineBlock.harvestcraft.durian_sapling":1,"stat.pickup.minecraft.gravel":8,"stat.pickup.minecraft.stone_axe":6,"stat.pickup.harvestcraft.mangoitem":10,"stat.useItem.minecraft.waterlily":9,"stat.pickup.harvestcraft.figitem":26,"stat.mineBlock.bigreactors.brore":9,"stat.jump":3237,"stat.useItem.actuallyadditions.item_flax_seed":13,"stat.craftItem.ic2.forge_hammer":2,"stat.useItem.forestry.bee_chest":2,"stat.pickup.minecraft.coal":126,"stat.pickup.actuallyadditions.block_black_lotus":1,"stat.craftItem.minecraft.lever":2,"stat.useItem.minecraft.stone_axe":457,"stat.mineBlock.harvestcraft.shadedgarden":2,"stat.pickup.harvestcraft.peanutitem":50,"stat.craftItem.minecraft.torch":312,"stat.pickup.ic2.crafting":6,"stat.pickup.minecraft.dirt":453,"stat.pickup.actuallyadditions.block_misc":19,"stat.pickup.harvestcraft.bellpepperitem":1,"stat.pickup.harvestcraft.durianitem":21,"stat.pickup.minecraft.iron_ore":70,"stat.useItem.minecraft.glass":135,"stat.pickup.minecraft.gold_ore":6,"stat.mineBlock.minecraft.lapis_ore":6,"stat.pickup.actuallyadditions.item_flax_seed":10,"stat.pickup.actuallyadditions.item_coffee_seed":28,"stat.mineBlock.minecraft.leaves2":12,"stat.mineBlock.minecraft.stone_stairs":6,"stat.damageTaken":4595,"stat.pickup.minecraft.leather":2,"stat.mineBlock.minecraft.red_flower":8,"stat.mineBlock.minecraft.torch":39,"stat.killEntity.tconstruct.blueslime":1,"stat.useItem.minecraft.wooden_pickaxe":7,"stat.pickup.minecraft.dark_oak_fence":77,"stat.pickup.minecraft.log2":123,"stat.pickup.ic2.rubber_wood":8,"stat.useItem.forestry.scoop":32,"stat.pickup.magicbees.beecomb":10,"stat.pickup.minecraft.reeds":2,"stat.pickup.minecraft.potato":74,"stat.pickup.actuallyadditions.block_laser_relay":1,"stat.damageDealt":2444,"stat.craftItem.minecraft.glass":6,"stat.sleepInBed":20,"stat.pickup.harvestcraft.lettuceitem":20,"stat.pickup.actuallyadditions.item_canola_seed":84,"stat.killEntity.Cow":1,"stat.pickup.forestry.stairs.fireproof.citrus":6,"stat.useItem.harvestcraft.onionitem":8,"stat.mineBlock.harvestcraft.almond_sapling":2,"stat.walkOneCm":5645406,"stat.animalsBred":1,"stat.useItem.minecraft.chest":8,"stat.drop.minecraft.wheat":2,"stat.pickup.minecraft.stick":34,"stat.useItem.minecraft.dark_oak_fence_gate":1,"stat.useItem.actuallyadditions.item_worm":2,"stat.drop.harvestcraft.fig_sapling":1,"stat.pickup.minecraft.stone":50,"stat.useItem.harvestcraft.scallionitem":17,"stat.pickup.ic2.forge_hammer":1,"stat.pickup.minecraft.cooked_beef":3,"stat.pickup.actuallyadditions.item_coffee_beans":72,"stat.pickup.forestry.bee_drone_ge":20,"stat.pickup.forestry.scoop":6,"stat.useItem.harvestcraft.parsnipitem":15,"stat.killEntity.Chicken":1,"stat.pickup.harvestcraft.queenbeeitem":13,"stat.pickup.harvestcraft.cucumberitem":23,"stat.killEntity.Spider":1,"stat.pickup.harvestcraft.strawberryitem":2,"stat.pickup.minecraft.bread":142,"stat.craftItem.forestry.squeezer":1,"stat.pickup.forestry.stairs.fireproof.maple":4,"stat.mobKills":11,"stat.craftItem.minecraft.shears":1,"stat.useItem.harvestcraft.almond_sapling":2,"stat.useItem.minecraft.cobblestone_wall":1,"stat.mineBlock.minecraft.leaves":53,"stat.pickup.minecraft.beetroot_seeds":44,"stat.pickup.minecraft.torch":101,"stat.mineBlock.minecraft.redstone_ore":7,"stat.pickup.forestry.chipsets":1,"stat.drop.minecraft.stone_axe":2,"stat.craftItem.forestry.can":24,"stat.mineBlock.minecraft.stone":168,"stat.pickup.minecraft.dark_oak_fence_gate":3}