{"stat.leaveGame":16,"stat.mineBlock.ic2.rubber_wood":25,"stat.useItem.minecraft.planks":21,"stat.useItem.minecraft.water_bucket":4,"stat.pickup.minecraft.rotten_flesh":2,"stat.pickup.minecraft.sand":2,"stat.craftItem.minecraft.dark_oak_fence":6,"stat.craftItem.minecraft.stone_axe":2,"stat.pickup.minecraft.cobblestone_wall":6,"stat.pickup.minecraft.bucket":1,"stat.craftItem.minecraft.cobblestone_wall":84,"stat.craftItem.minecraft.stone_sword":1,"stat.pickup.minecraft.brown_mushroom":2,"stat.pickup.harvestcraft.scallionitem":2,"stat.hopperInspected":2,"stat.craftItem.minecraft.wooden_pickaxe":1,"stat.pickup.harvestcraft.rhubarbitem":2,"stat.mineBlock.chisel.marble2":10,"stat.mineBlock.minecraft.vine":11,"stat.furnaceInteraction":4,"stat.pickup.actuallyadditions.item_solidified_experience":2,"stat.pickup.harvestcraft.turnipitem":1,"stat.useItem.minecraft.cooked_mutton":1,"stat.useItem.minecraft.stone_stairs":32,"stat.useItem.minecraft.dark_oak_door":1,"stat.pickup.minecraft.stone_stairs":8,"stat.useItem.ic2.sapling":3,"stat.useItem.minecraft.wheat_seeds":26,"stat.mineBlock.minecraft.dark_oak_fence_gate":1,"stat.pickup.ic2.misc_resource":2,"stat.mineBlock.ic2.leaves":24,"stat.pickup.minecraft.egg":13,"stat.playOneMinute":429773,"stat.mineBlock.actuallyadditions.block_wild":2,"stat.pickup.chisel.marble2":10,"stat.pickup.minecraft.netherrack":33,"stat.mineBlock.minecraft.tallgrass":53,"stat.pickup.harvestcraft.cottonitem":1,"stat.chestOpened":165,"stat.pickup.harvestcraft.tomatoitem":2,"stat.craftItem.minecraft.sign":3,"stat.useItem.minecraft.stone":2,"stat.mineBlock.minecraft.netherrack":38,"stat.pickup.minecraft.arrow":2,"stat.pickup.minecraft.waterlily":1,"stat.mineBlock.appliedenergistics2.charged_quartz_ore":1,"stat.craftItem.minecraft.coal":5,"stat.fallOneCm":7205,"stat.pickup.minecraft.carrot":7,"stat.crouchOneCm":56,"stat.pickup.actuallyadditions.item_food":1,"stat.craftItem.minecraft.iron_ingot":18,"stat.craftItem.minecraft.chest":2,"stat.craftingTableInteraction":34,"stat.mineBlock.minecraft.log2":123,"stat.useItem.chisel.marble2":3,"stat.pickup.minecraft.feather":3,"stat.useItem.minecraft.dark_oak_fence":4,"stat.useItem.minecraft.reeds":13,"stat.pickup.minecraft.planks":6,"stat.pickup.chisel.limestone2":9,"stat.pickup.minecraft.wheat_seeds":162,"stat.craftItem.minecraft.dark_oak_fence_gate":2,"stat.mineBlock.minecraft.gravel":70,"stat.useItem.minecraft.stone_pickaxe":1529,"stat.useItem.minecraft.stone_sword":70,"stat.mineBlock.minecraft.dirt":137,"stat.useItem.minecraft.torch":136,"stat.pickup.immersiveengineering.seed":2,"stat.useItem.minecraft.bread":6,"stat.craftItem.minecraft.stone_stairs":28,"stat.useItem.minecraft.log":6,"stat.pickup.minecraft.crafting_table":1,"stat.pickup.minecraft.magma":8,"stat.useItem.minecraft.cobblestone":221,"stat.craftItem.minecraft.crafting_table":2,"stat.useItem.minecraft.gravel":16,"stat.mineBlock.minecraft.double_plant":1,"stat.pickup.minecraft.log":53,"stat.pickup.minecraft.chicken":2,"stat.pickup.minecraft.sapling":23,"stat.pickup.minecraft.apple":4,"stat.pickup.minecraft.beetroot":3,"stat.pickup.harvestcraft.parsnipitem":1,"stat.craftItem.minecraft.bucket":1,"stat.craftItem.minecraft.planks":100,"stat.mineBlock.minecraft.log":57,"stat.mineBlock.minecraft.waterlily":3,"stat.useItem.minecraft.stone_hoe":16,"stat.useItem.minecraft.beetroot_seeds":2,"stat.sneakTime":238,"stat.pickup.harvestcraft.tealeafitem":2,"stat.pickup.minecraft.wool":4,"stat.mineBlock.minecraft.cobblestone_wall":6,"stat.pickup.ic2.sapling":7,"stat.drop.minecraft.stone_pickaxe":1,"stat.pickup.minecraft.bone":2,"stat.mineBlock.minecraft.cobblestone":19,"stat.pickup.minecraft.stone_pickaxe":1,"stat.pickup.minecraft.flint":7,"stat.mineBlock.appliedenergistics2.quartz_ore":5,"stat.swimOneCm":74138,"stat.climbOneCm":6482,"stat.useItem.minecraft.dirt":134,"stat.useItem.harvestcraft.tomatoitem":1,"stat.useItem.minecraft.stone_slab2":52,"stat.craftItem.minecraft.dark_oak_door":3,"stat.craftItem.minecraft.furnace":1,"stat.craftItem.forestry.planks.0":32,"stat.pickup.thermalfoundation.ore":182,"stat.useItem.minecraft.egg":11,"stat.craftItem.minecraft.stone_pickaxe":12,"stat.mineBlock.minecraft.magma":8,"stat.pickup.minecraft.cobblestone":810,"stat.mineBlock.chisel.limestone2":9,"stat.pickup.extratrees.hops":5,"stat.useItem.minecraft.stone_shovel":130,"stat.flyOneCm":6513,"stat.pickup.appliedenergistics2.material":10,"stat.useItem.forestry.planks.0":9,"stat.pickup.forestry.stump":3,"stat.useItem.minecraft.cooked_beef":3,"stat.mineBlock.minecraft.iron_ore":120,"stat.timeSinceDeath":429773,"stat.useItem.minecraft.sign":2,"stat.pickup.integrateddynamics.on_the_dynamics_of_integration":1,"stat.pickup.minecraft.mutton":7,"stat.pickup.harvestcraft.whitemushroomitem":1,"stat.pickup.harvestcraft.beanitem":2,"stat.pickup.minecraft.dark_oak_door":1,"stat.mineBlock.thermalfoundation.ore":184,"stat.mineBlock.minecraft.coal_ore":118,"stat.talkedToVillager":2,"stat.mineBlock.minecraft.red_mushroom_block":8,"stat.pickup.minecraft.string":7,"stat.ae2.ItemsInserted":144,"stat.pickup.actuallyadditions.item_misc":10,"stat.sprintOneCm":2480,"stat.craftItem.minecraft.stick":80,"stat.mineBlock.minecraft.crafting_table":1,"stat.mineBlock.minecraft.planks":1,"stat.drop":1,"stat.mineBlock.forestry.leaves.default.3":1,"stat.killEntity.Sheep":4,"stat.pickup.minecraft.slime_ball":5,"stat.killEntity.Zombie":3,"stat.diveOneCm":13459,"stat.pickup.minecraft.wheat":168,"stat.pickup.minecraft.sign":1,"stat.pickup.minecraft.gravel":63,"stat.killEntity.Slime":5,"stat.useItem.minecraft.apple":4,"stat.jump":2075,"stat.pickup.minecraft.coal":118,"stat.useItem.minecraft.stone_axe":275,"stat.craftItem.minecraft.bread":30,"stat.mineBlock.harvestcraft.shadedgarden":4,"stat.craftItem.minecraft.torch":126,"stat.pickup.minecraft.dirt":158,"stat.pickup.minecraft.iron_ore":121,"stat.pickup.actuallyadditions.item_flax_seed":1,"stat.pickup.actuallyadditions.item_coffee_seed":2,"stat.mineBlock.minecraft.leaves2":1,"stat.mineBlock.minecraft.stone_stairs":8,"stat.damageTaken":930,"stat.mineBlock.minecraft.torch":17,"stat.useItem.minecraft.wooden_pickaxe":58,"stat.pickup.minecraft.log2":148,"stat.pickup.ic2.rubber_wood":25,"stat.pickup.minecraft.reeds":19,"stat.damageDealt":1300,"stat.sleepInBed":2,"stat.pickup.actuallyadditions.item_canola_seed":4,"stat.useItem.extratrees.hops":1,"stat.craftItem.minecraft.stone_shovel":2,"stat.walkOneCm":2138396,"stat.animalsBred":8,"stat.pickup.minecraft.stone":219,"stat.pickup.actuallyadditions.item_coffee_beans":8,"stat.useItem.minecraft.netherrack":6,"stat.killEntity.Skeleton":2,"stat.pickup.forestry.apatite":80,"stat.killEntity.Chicken":2,"stat.pickup.harvestcraft.queenbeeitem":3,"stat.killEntity.Spider":1,"stat.mineBlock.forestry.resources":23,"stat.mobKills":17,"stat.useItem.minecraft.cobblestone_wall":82,"stat.mineBlock.minecraft.leaves":15,"stat.pickup.minecraft.beetroot_seeds":5,"stat.pickup.minecraft.torch":24,"stat.mineBlock.minecraft.stone":1024,"stat.pickup.minecraft.dark_oak_fence_gate":1}