{"stat.pickup.tconstruct.book":1,"stat.useItem.harvestcraft.rhubarbitem":1,"stat.leaveGame":13,"stat.pickup.extrautils2.redorchid":2,"stat.mineBlock.ic2.rubber_wood":4,"stat.pickup.gravestone.death_info":2,"stat.useItem.minecraft.poisonous_potato":1,"stat.useItem.minecraft.planks":205,"stat.pickup.bigreactors.brore":12,"stat.useItem.thermalfoundation.ore":1,"stat.mineBlock.gravestone.gravestone":1,"stat.useItem.minecraft.water_bucket":2,"stat.pickup.minecraft.rotten_flesh":9,"stat.craftItem.minecraft.dark_oak_fence":193,"stat.craftItem.minecraft.stone_axe":2,"stat.pickup.minecraft.cobblestone_wall":2,"stat.pickup.harvestcraft.wintersquashitem":2,"stat.craftItem.minecraft.stone_sword":1,"stat.pickup.minecraft.brown_mushroom":3,"stat.pickup.harvestcraft.scallionitem":1,"stat.craftItem.forestry.sturdy_machine":4,"stat.useItem.minecraft.iron_pickaxe":33,"stat.craftItem.minecraft.wooden_pickaxe":1,"stat.pickup.harvestcraft.rhubarbitem":13,"stat.pickup.forestry.pollen_fertile":1,"stat.pickup.astralsorcery.itemjournal":2,"stat.craftItem.minecraft.glass_pane":16,"stat.pickup.harvestcraft.onionitem":2,"stat.mineBlock.minecraft.vine":1,"stat.furnaceInteraction":13,"stat.mineBlock.botania.flower":2,"stat.pickup.harvestcraft.cornitem":8,"stat.pickup.actuallyadditions.item_solidified_experience":1,"stat.craftItem.thermalfoundation.material":46,"stat.pickup.minecraft.beef":1,"stat.mineBlock.harvestcraft.windygarden":8,"stat.useItem.thermaldynamics.duct_0":3,"stat.useItem.minecraft.stone_stairs":7,"stat.useItem.minecraft.dark_oak_door":2,"stat.pickup.minecraft.stone_stairs":2,"stat.useItem.minecraft.wheat_seeds":36,"stat.mineBlock.minecraft.dark_oak_fence_gate":2,"stat.pickup.forestry.bee_princess_ge":6,"stat.deaths":1,"stat.pickup.minecraft.egg":9,"stat.playOneMinute":534080,"stat.mineBlock.actuallyadditions.block_wild":4,"stat.drop.minecraft.torch":1,"stat.pickup.chisel.marble2":3,"stat.mineBlock.minecraft.tallgrass":819,"stat.pickup.harvestcraft.cottonitem":3,"stat.chestOpened":217,"stat.pickup.harvestcraft.tomatoitem":8,"stat.mineBlock.minecraft.dark_oak_fence":34,"stat.useItem.minecraft.stone":6,"stat.pickup.minecraft.wooden_pressure_plate":3,"stat.pickup.harvestcraft.chilipepperitem":9,"stat.drop.minecraft.iron_pickaxe":1,"stat.fallOneCm":4521,"stat.pickup.minecraft.carrot":17,"stat.pickup.actuallyadditions.item_food":10,"stat.mineBlock.minecraft.chest":2,"stat.craftItem.minecraft.chest":12,"stat.craftingTableInteraction":24,"stat.mineBlock.minecraft.wooden_pressure_plate":3,"stat.mineBlock.minecraft.log2":89,"stat.pickup.minecraft.wooden_pickaxe":3,"stat.useItem.minecraft.dark_oak_fence":109,"stat.pickup.theoneprobe.probenote":4,"stat.pickup.minecraft.dye":13,"stat.pickup.minecraft.planks":408,"stat.pickup.minecraft.wheat_seeds":275,"stat.craftItem.minecraft.dark_oak_fence_gate":3,"stat.mineBlock.minecraft.gravel":10,"stat.useItem.minecraft.stone_pickaxe":325,"stat.mineBlock.minecraft.glass":12,"stat.useItem.minecraft.stone_sword":466,"stat.mineBlock.minecraft.dirt":228,"stat.pickup.minecraft.poisonous_potato":2,"stat.useItem.minecraft.torch":123,"stat.pickup.immersiveengineering.seed":17,"stat.useItem.minecraft.bread":5,"stat.craftItem.forestry.centrifuge":1,"stat.craftItem.forestry.carpenter":2,"stat.mineBlock.actuallyadditions.block_black_lotus":1,"stat.craftItem.minecraft.stone_stairs":12,"stat.useItem.minecraft.cobblestone":50,"stat.useItem.minecraft.gravel":7,"stat.mineBlock.minecraft.double_plant":33,"stat.pickup.minecraft.log":22,"stat.pickup.minecraft.iron_pickaxe":2,"stat.drop.minecraft.planks":1,"stat.pickup.minecraft.sapling":33,"stat.pickup.minecraft.beetroot":13,"stat.pickup.harvestcraft.parsnipitem":1,"stat.craftItem.minecraft.bucket":1,"stat.craftItem.minecraft.planks":720,"stat.pickup.minecraft.stone_sword":1,"stat.useItem.minecraft.wooden_pressure_plate":4,"stat.mineBlock.minecraft.log":12,"stat.useItem.minecraft.stone_hoe":2,"stat.pickup.forestry.squeezer":1,"stat.pickup.minecraft.red_flower":18,"stat.sneakTime":83,"stat.useItem.minecraft.wooden_axe":68,"stat.pickup.minecraft.chest":3,"stat.drop.minecraft.stone_pickaxe":1,"stat.pickup.forestry.sapling":5,"stat.mineBlock.minecraft.cobblestone":9,"stat.pickup.minecraft.stone_pickaxe":5,"stat.pickup.minecraft.flint":2,"stat.mineBlock.actuallyadditions.block_misc":17,"stat.mineBlock.appliedenergistics2.quartz_ore":2,"stat.swimOneCm":14006,"stat.useItem.minecraft.dirt":240,"stat.useItem.minecraft.stone_slab2":46,"stat.craftItem.minecraft.dark_oak_door":3,"stat.pickup.thermalfoundation.ore":45,"stat.useItem.minecraft.egg":8,"stat.craftItem.minecraft.stone_pickaxe":3,"stat.craftItem.minecraft.cooked_beef":1,"stat.pickup.minecraft.cobblestone":246,"stat.pickup.extratrees.hops":26,"stat.flyOneCm":2009,"stat.pickup.appliedenergistics2.material":3,"stat.useItem.minecraft.cooked_beef":4,"stat.pickup.minecraft.redstone":176,"stat.mineBlock.minecraft.iron_ore":52,"stat.timeSinceDeath":415191,"stat.pickup.integrateddynamics.on_the_dynamics_of_integration":3,"stat.pickup.actuallyadditions.item_rice_seed":6,"stat.pickup.minecraft.wooden_axe":3,"stat.pickup.minecraft.dark_oak_door":3,"stat.mineBlock.thermalfoundation.ore":21,"stat.pickup.thermaldynamics.duct_0":1,"stat.mineBlock.minecraft.coal_ore":86,"stat.pickup.forestry.bee_combs":4,"stat.entityKilledBy.Skeleton":1,"stat.craftItem.minecraft.stone_slab2":0,"stat.sprintOneCm":4635,"stat.pickup.actuallyadditions.item_misc":10,"stat.craftItem.minecraft.stick":284,"stat.craftItem.minecraft.wooden_axe":2,"stat.pickup.harvestcraft.barleyitem":1,"stat.pickup.forestry.logs.0":10,"stat.craftItem.minecraft.wooden_pressure_plate":6,"stat.pickup.botania.flower":4,"stat.mineBlock.forestry.squeezer":1,"stat.mineBlock.minecraft.planks":162,"stat.drop":4,"stat.killEntity.Zombie":2,"stat.pickup.minecraft.wheat":298,"stat.pickup.minecraft.gravel":8,"stat.pickup.minecraft.stone_axe":1,"stat.mineBlock.bigreactors.brore":7,"stat.jump":1034,"stat.pickup.minecraft.coal":125,"stat.pickup.actuallyadditions.block_black_lotus":1,"stat.useItem.minecraft.stone_axe":179,"stat.mineBlock.harvestcraft.shadedgarden":1,"stat.pickup.harvestcraft.peanutitem":9,"stat.craftItem.minecraft.torch":312,"stat.pickup.minecraft.dirt":286,"stat.pickup.actuallyadditions.block_misc":19,"stat.pickup.minecraft.iron_ore":70,"stat.useItem.minecraft.glass":130,"stat.pickup.minecraft.gold_ore":6,"stat.mineBlock.minecraft.lapis_ore":2,"stat.pickup.actuallyadditions.item_coffee_seed":4,"stat.mineBlock.minecraft.stone_stairs":2,"stat.damageTaken":980,"stat.pickup.minecraft.leather":2,"stat.mineBlock.minecraft.red_flower":5,"stat.mineBlock.minecraft.torch":35,"stat.useItem.minecraft.wooden_pickaxe":7,"stat.pickup.minecraft.dark_oak_fence":33,"stat.pickup.minecraft.log2":103,"stat.pickup.ic2.rubber_wood":4,"stat.pickup.minecraft.reeds":2,"stat.pickup.minecraft.potato":21,"stat.damageDealt":1303,"stat.craftItem.minecraft.glass":6,"stat.sleepInBed":12,"stat.pickup.harvestcraft.lettuceitem":2,"stat.pickup.actuallyadditions.item_canola_seed":6,"stat.killEntity.Cow":1,"stat.walkOneCm":2343721,"stat.useItem.minecraft.chest":2,"stat.pickup.minecraft.stick":21,"stat.useItem.minecraft.dark_oak_fence_gate":1,"stat.pickup.minecraft.stone":42,"stat.pickup.minecraft.cooked_beef":3,"stat.pickup.actuallyadditions.item_coffee_beans":18,"stat.pickup.forestry.bee_drone_ge":4,"stat.pickup.forestry.scoop":1,"stat.killEntity.Chicken":1,"stat.pickup.harvestcraft.queenbeeitem":2,"stat.pickup.harvestcraft.cucumberitem":2,"stat.killEntity.Spider":1,"stat.pickup.harvestcraft.strawberryitem":2,"stat.craftItem.forestry.squeezer":1,"stat.mobKills":6,"stat.useItem.minecraft.cobblestone_wall":1,"stat.mineBlock.minecraft.leaves":6,"stat.pickup.minecraft.beetroot_seeds":13,"stat.pickup.minecraft.torch":45,"stat.mineBlock.minecraft.redstone_ore":7,"stat.mineBlock.minecraft.stone":156,"stat.pickup.minecraft.dark_oak_fence_gate":2}