{"stat.chestOpened":6,"stat.walkOneCm":132287,"stat.pickup.harvestcraft.tomatoitem":1,"stat.craftItem.forestry.planks.0":8,"stat.mineBlock.minecraft.netherrack":38,"stat.pickup.minecraft.dark_oak_door":1,"stat.damageTaken":60,"stat.pickup.minecraft.magma":8,"stat.craftItem.minecraft.stone_pickaxe":1,"stat.mineBlock.minecraft.torch":1,"stat.useItem.minecraft.wooden_pickaxe":58,"stat.mineBlock.minecraft.magma":8,"stat.pickup.minecraft.cobblestone":18,"stat.pickup.minecraft.planks":5,"stat.craftItem.minecraft.stone_sword":1,"stat.flyOneCm":589,"stat.pickup.minecraft.wheat_seeds":2,"stat.jump":286,"stat.pickup.minecraft.egg":1,"stat.swimOneCm":86,"stat.playOneMinute":24746,"stat.fallOneCm":269,"stat.pickup.minecraft.torch":2,"stat.useItem.minecraft.stone_pickaxe":7,"stat.mineBlock.actuallyadditions.block_wild":1,"stat.damageDealt":35,"stat.pickup.minecraft.stone":1,"stat.timeSinceDeath":24746,"stat.pickup.actuallyadditions.item_canola_seed":1,"stat.pickup.minecraft.dirt":13,"stat.useItem.minecraft.dirt":12,"stat.pickup.actuallyadditions.item_misc":3,"stat.useItem.minecraft.stone_slab2":5,"stat.pickup.integrateddynamics.on_the_dynamics_of_integration":1,"stat.craftItem.minecraft.wooden_pickaxe":1,"stat.mineBlock.minecraft.stone":19,"stat.pickup.minecraft.netherrack":33,"stat.craftItem.minecraft.stick":8,"stat.craftingTableInteraction":3,"stat.useItem.minecraft.netherrack":6}