{"stat.pickup.tconstruct.book":1,"stat.useItem.harvestcraft.rhubarbitem":3,"stat.pickup.forestry.sapling":5,"stat.leaveGame":3,"stat.pickup.minecraft.stone_pickaxe":2,"stat.pickup.extrautils2.redorchid":1,"stat.pickup.minecraft.flint":2,"stat.useItem.minecraft.soul_sand":1,"stat.mineBlock.actuallyadditions.block_misc":13,"stat.killEntity.Blaze":2,"stat.mineBlock.appliedenergistics2.quartz_ore":7,"stat.swimOneCm":10007,"stat.useItem.minecraft.planks":59,"stat.pickup.bigreactors.brore":3,"stat.craftItem.minecraft.stone_pressure_plate":1,"stat.craftItem.ic2.fluid_cell":2,"stat.pickup.minecraft.glowstone_dust":55,"stat.pickup.thermalexpansion.machine":1,"stat.pickup.minecraft.glass":2,"stat.useItem.minecraft.dirt":80,"stat.useItem.harvestcraft.tomatoitem":2,"stat.useItem.minecraft.stone_slab2":66,"stat.useItem.minecraft.water_bucket":50,"stat.craftItem.minecraft.furnace":1,"stat.craftItem.forestry.planks.0":4,"stat.pickup.thermalfoundation.ore":93,"stat.useItem.minecraft.egg":15,"stat.pickup.minecraft.bucket":1,"stat.craftItem.minecraft.stone_pickaxe":8,"stat.craftItem.minecraft.cooked_beef":4,"stat.mineBlock.minecraft.magma":15,"stat.pickup.minecraft.cobblestone":352,"stat.mineBlock.chisel.limestone2":4,"stat.pickup.extratrees.hops":9,"stat.craftItem.minecraft.stone_sword":1,"stat.flyOneCm":1612,"stat.pickup.minecraft.soul_sand":2,"stat.pickup.appliedenergistics2.material":14,"stat.pickup.actuallyadditions.item_booklet":1,"stat.useItem.minecraft.cooked_beef":2,"stat.pickup.minecraft.redstone":104,"stat.mineBlock.minecraft.iron_ore":76,"stat.timeSinceDeath":316636,"stat.useItem.minecraft.iron_pickaxe":78,"stat.craftItem.minecraft.wooden_pickaxe":1,"stat.pickup.integrateddynamics.on_the_dynamics_of_integration":4,"stat.pickup.harvestcraft.rhubarbitem":10,"stat.pickup.astralsorcery.itemjournal":2,"stat.pickup.thermalexpansion.dynamo":1,"stat.craftItem.minecraft.glass_pane":16,"stat.mineBlock.forestry.logs.0":11,"stat.pickup.actuallyadditions.item_worm":12,"stat.pickup.minecraft.wooden_axe":1,"stat.mineBlock.minecraft.vine":2,"stat.mineBlock.chisel.marble2":2,"stat.pickup.thermalfoundation.material":3,"stat.mineBlock.thermalfoundation.ore":93,"stat.useItem.actuallyadditions.item_coffee_seed":1,"stat.furnaceInteraction":45,"stat.craftItem.ic2.te":2,"stat.killEntity.ZombieVillager":1,"stat.mineBlock.minecraft.coal_ore":108,"stat.killEntity.Creeper":2,"stat.pickup.extrautils2.ingredients":4,"stat.craftItem.minecraft.stone_hoe":2,"stat.pickup.actuallyadditions.item_solidified_experience":3,"stat.craftItem.thermalfoundation.material":20,"stat.craftItem.ic2.casing":16,"stat.craftItem.minecraft.stone_slab2":0,"stat.pickup.minecraft.leather_helmet":1,"stat.sprintOneCm":2431,"stat.pickup.actuallyadditions.item_misc":17,"stat.useItem.minecraft.stone_stairs":59,"stat.craftItem.minecraft.wooden_axe":1,"stat.craftItem.minecraft.stick":44,"stat.pickup.ic2.resource":1,"stat.pickup.minecraft.stone_stairs":1,"stat.craftItem.minecraft.stone":8,"stat.mineBlock.minecraft.diamond_ore":15,"stat.useItem.minecraft.flint_and_steel":1,"stat.useItem.minecraft.wheat_seeds":86,"stat.mineBlock.minecraft.crafting_table":2,"stat.useItem.immersiveengineering.seed":1,"stat.pickup.forestry.logs.0":11,"stat.craftItem.minecraft.wooden_pressure_plate":1,"stat.mineBlock.minecraft.soul_sand":2,"stat.mineBlock.minecraft.planks":3,"stat.drop":18,"stat.pickup.minecraft.egg":15,"stat.playOneMinute":316636,"stat.craftItem.minecraft.iron_pickaxe":1,"stat.killEntity.Zombie":4,"stat.mineBlock.forestry.leaves.default.0":6,"stat.drop.minecraft.chest":1,"stat.drop.minecraft.bread":7,"stat.pickup.chisel.marble2":2,"stat.mineBlock.minecraft.gold_ore":6,"stat.mineBlock.minecraft.tallgrass":236,"stat.pickup.minecraft.netherrack":3,"stat.diveOneCm":227,"stat.pickup.minecraft.wheat":60,"stat.chestOpened":350,"stat.craftItem.minecraft.piston":1,"stat.craftItem.ic2.cutter":1,"stat.pickup.harvestcraft.tomatoitem":10,"stat.useItem.thermalfoundation.wrench":1,"stat.useItem.minecraft.stone":78,"stat.mineBlock.minecraft.netherrack":1,"stat.pickup.minecraft.gravel":73,"stat.drop.minecraft.cooked_beef":2,"stat.pickup.minecraft.wooden_pressure_plate":1,"stat.pickup.minecraft.stone_axe":1,"stat.useItem.minecraft.apple":1,"stat.mineBlock.bigreactors.brore":3,"stat.mineBlock.appliedenergistics2.charged_quartz_ore":2,"stat.craftItem.minecraft.coal":9,"stat.drop.minecraft.iron_pickaxe":1,"stat.craftItem.actuallyadditions.item_canola_seed":2,"stat.jump":1171,"stat.craftItem.ic2.forge_hammer":1,"stat.pickup.minecraft.coal":120,"stat.fallOneCm":4165,"stat.craftItem.minecraft.bread":21,"stat.pickup.minecraft.gunpowder":1,"stat.crouchOneCm":8725,"stat.craftItem.ic2.cable":4,"stat.mineBlock.minecraft.chest":1,"stat.craftItem.minecraft.torch":48,"stat.craftItem.minecraft.iron_ingot":3,"stat.craftItem.minecraft.chest":1,"stat.pickup.minecraft.dirt":159,"stat.pickup.minecraft.red_mushroom":1,"stat.pickup.actuallyadditions.block_misc":13,"stat.useItem.minecraft.cooked_chicken":6,"stat.pickup.minecraft.iron_ore":76,"stat.craftingTableInteraction":69,"stat.pickup.thermalexpansion.device":1,"stat.useItem.minecraft.glass":1,"stat.drop.thermalfoundation.ore":6,"stat.mineBlock.minecraft.wooden_pressure_plate":1,"stat.pickup.minecraft.gold_ore":6,"stat.mineBlock.minecraft.lapis_ore":4,"stat.craftItem.minecraft.flint_and_steel":1,"stat.mineBlock.ic2.resource":1,"stat.pickup.actuallyadditions.item_coffee_seed":4,"stat.mineBlock.minecraft.stone_stairs":1,"stat.pickup.minecraft.wooden_pickaxe":1,"stat.damageTaken":850,"stat.mineBlock.minecraft.torch":37,"stat.useItem.minecraft.wooden_pickaxe":34,"stat.pickup.theoneprobe.probenote":2,"stat.pickup.minecraft.dye":27,"stat.pickup.minecraft.planks":288,"stat.pickup.chisel.limestone2":4,"stat.pickup.minecraft.wheat_seeds":68,"stat.mineBlock.minecraft.gravel":28,"stat.useItem.minecraft.stone_pickaxe":762,"stat.useItem.minecraft.stone_sword":54,"stat.damageDealt":1947,"stat.craftItem.minecraft.glass":10,"stat.craftItem.extrautils2.wateringcan":1,"stat.craftItem.minecraft.bowl":4,"stat.pickup.actuallyadditions.item_canola_seed":4,"stat.mineBlock.minecraft.dirt":119,"stat.useItem.extratrees.hops":4,"stat.walkOneCm":1481156,"stat.useItem.minecraft.torch":151,"stat.pickup.immersiveengineering.seed":7,"stat.useItem.minecraft.bread":2,"stat.pickup.minecraft.stick":39,"stat.craftItem.minecraft.stone_stairs":64,"stat.pickup.minecraft.crafting_table":2,"stat.useItem.minecraft.cobblestone":25,"stat.pickup.minecraft.magma":14,"stat.craftItem.minecraft.crafting_table":2,"stat.useItem.minecraft.gravel":10,"stat.mineBlock.minecraft.double_plant":11,"stat.useItem.minecraft.lava_bucket":12,"stat.useItem.actuallyadditions.item_worm":3,"stat.useItem.actuallyadditions.item_canola_seed":1,"stat.pickup.minecraft.log":25,"stat.pickup.minecraft.stone":120,"stat.pickup.biomesoplenty.fleshchunk":26,"stat.pickup.minecraft.sapling":13,"stat.drop.minecraft.egg":1,"stat.pickup.minecraft.apple":1,"stat.pickup.actuallyadditions.item_coffee_beans":16,"stat.mineBlock.thermalfoundation.ore_fluid":1,"stat.craftItem.ic2.crafting":2,"stat.craftItem.minecraft.planks":32,"stat.pickup.minecraft.stone_sword":1,"stat.mineBlock.biomesoplenty.flesh":22,"stat.mineBlock.minecraft.glowstone":18,"stat.mobKills":7,"stat.mineBlock.minecraft.log":25,"stat.craftItem.ic2.resource":1,"stat.craftItem.minecraft.cooked_chicken":6,"stat.useItem.minecraft.stone_hoe":206,"stat.craftItem.ic2.re_battery":1,"stat.pickup.minecraft.diamond":15,"stat.pickup.minecraft.torch":126,"stat.mineBlock.minecraft.redstone_ore":24,"stat.sneakTime":2747,"stat.pickup.ic2.sapling":1,"stat.useItem.minecraft.wooden_axe":41,"stat.mineBlock.minecraft.stone":461,"stat.pickup.minecraft.chest":3}