{"stat.pickup.tconstruct.book":2,"stat.leaveGame":5,"stat.craftItem.thermalfoundation.wrench":1,"stat.pickup.extrautils2.redorchid":2,"stat.mineBlock.ic2.rubber_wood":7,"stat.killEntity.Blaze":2,"stat.useItem.minecraft.planks":398,"stat.pickup.minecraft.glowstone_dust":10,"stat.useItem.minecraft.water_bucket":3,"stat.pickup.minecraft.rotten_flesh":17,"stat.pickup.minecraft.sand":14,"stat.craftItem.minecraft.dark_oak_fence":6,"stat.craftItem.minecraft.stone_axe":2,"stat.craftItem.minecraft.stone_sword":3,"stat.mineBlock.minecraft.sand":14,"stat.killEntity.Witch":1,"stat.craftItem.minecraft.wooden_pickaxe":1,"stat.pickup.astralsorcery.itemjournal":1,"stat.mineBlock.minecraft.vine":1,"stat.mineBlock.chisel.marble2":3,"stat.pickup.thermalfoundation.material":1,"stat.furnaceInteraction":165,"stat.pickup.actuallyadditions.item_solidified_experience":15,"stat.craftItem.thermalfoundation.material":225,"stat.craftItem.minecraft.leather_helmet":1,"stat.pickup.minecraft.beef":16,"stat.pickup.minecraft.leather_helmet":1,"stat.useItem.minecraft.wheat_seeds":20,"stat.pickup.ic2.misc_resource":6,"stat.mineBlock.minecraft.soul_sand":3,"stat.useItem.minecraft.beef":1,"stat.pickup.minecraft.egg":21,"stat.playOneMinute":336267,"stat.pickup.minecraft.blaze_rod":1,"stat.craftItem.minecraft.iron_pickaxe":1,"stat.pickup.chisel.marble2":5,"stat.mineBlock.minecraft.tallgrass":306,"stat.craftItem.minecraft.cooked_mutton":1,"stat.pickup.minecraft.netherrack":287,"stat.chestOpened":381,"stat.craftItem.thermalexpansion.device":1,"stat.craftItem.minecraft.sign":12,"stat.mineBlock.minecraft.dark_oak_fence":6,"stat.mineBlock.minecraft.netherrack":289,"stat.pickup.minecraft.arrow":4,"stat.craftItem.minecraft.coal":30,"stat.pickup.minecraft.cooked_chicken":1,"stat.fallOneCm":8747,"stat.craftItem.ic2.treetap":2,"stat.crouchOneCm":26127,"stat.mineBlock.minecraft.chest":3,"stat.craftItem.minecraft.chest":6,"stat.craftItem.minecraft.iron_ingot":113,"stat.pickup.minecraft.red_mushroom":2,"stat.craftingTableInteraction":105,"stat.mineBlock.minecraft.log2":163,"stat.pickup.minecraft.wooden_pickaxe":1,"stat.pickup.minecraft.feather":12,"stat.useItem.minecraft.dark_oak_fence":77,"stat.pickup.theoneprobe.probenote":2,"stat.pickup.minecraft.planks":242,"stat.pickup.chisel.limestone2":6,"stat.pickup.minecraft.wheat_seeds":61,"stat.craftItem.minecraft.dark_oak_fence_gate":2,"stat.mineBlock.minecraft.gravel":11,"stat.useItem.minecraft.stone_pickaxe":1058,"stat.useItem.minecraft.stone_sword":215,"stat.drop.thermalexpansion.device":1,"stat.mineBlock.minecraft.dirt":486,"stat.pickup.immersiveengineering.seed":14,"stat.useItem.minecraft.torch":120,"stat.pickup.minecraft.crafting_table":2,"stat.useItem.minecraft.cobblestone":214,"stat.craftItem.minecraft.crafting_table":1,"stat.mineBlock.minecraft.double_plant":8,"stat.killEntity.LavaSlime":14,"stat.pickup.minecraft.log":25,"stat.craftItem.minecraft.gold_ingot":11,"stat.pickup.minecraft.chicken":10,"stat.pickup.minecraft.sapling":7,"stat.pickup.minecraft.apple":2,"stat.craftItem.minecraft.bucket":2,"stat.craftItem.minecraft.planks":592,"stat.pickup.minecraft.stone_sword":1,"stat.mineBlock.minecraft.log":12,"stat.craftItem.minecraft.cooked_chicken":4,"stat.pickup.minecraft.red_flower":5,"stat.craftItem.thermalexpansion.frame":2,"stat.sneakTime":6339,"stat.pickup.minecraft.wool":4,"stat.pickup.ic2.sapling":2,"stat.drop.minecraft.bucket":1,"stat.useItem.minecraft.wooden_axe":59,"stat.pickup.minecraft.chest":7,"stat.pickup.minecraft.bone":3,"stat.useItem.minecraft.log2":1,"stat.mineBlock.minecraft.cobblestone":11,"stat.drop.minecraft.leather_helmet":1,"stat.swimOneCm":17480,"stat.climbOneCm":398,"stat.useItem.minecraft.dirt":113,"stat.useItem.minecraft.stone_slab2":54,"stat.craftItem.minecraft.furnace":2,"stat.pickup.thermalfoundation.ore":82,"stat.useItem.minecraft.egg":19,"stat.craftItem.minecraft.stone_pickaxe":11,"stat.craftItem.minecraft.cooked_beef":11,"stat.pickup.minecraft.cobblestone":450,"stat.mineBlock.minecraft.clay":20,"stat.pickup.extratrees.hops":21,"stat.mineBlock.chisel.limestone2":6,"stat.useItem.minecraft.stone_shovel":401,"stat.flyOneCm":3010,"stat.pickup.minecraft.soul_sand":5,"stat.useItem.chisel.limestone2":1,"stat.useItem.minecraft.cooked_beef":10,"stat.mineBlock.minecraft.iron_ore":76,"stat.timeSinceDeath":336267,"stat.useItem.minecraft.sign":3,"stat.pickup.integrateddynamics.on_the_dynamics_of_integration":2,"stat.pickup.minecraft.mutton":5,"stat.killEntity.Bat":1,"stat.mineBlock.thermalfoundation.ore":63,"stat.drop.thermalexpansion.dynamo":1,"stat.mineBlock.minecraft.coal_ore":77,"stat.killEntity.Creeper":1,"stat.mineBlock.minecraft.red_mushroom_block":5,"stat.craftItem.minecraft.stone_slab2":0,"stat.sprintOneCm":2337,"stat.craftItem.minecraft.stick":60,"stat.craftItem.minecraft.wooden_axe":1,"stat.craftItem.thermalexpansion.dynamo":1,"stat.mineBlock.minecraft.crafting_table":2,"stat.mineBlock.minecraft.planks":22,"stat.drop":7,"stat.craftItem.minecraft.leather_chestplate":1,"stat.killEntity.Sheep":3,"stat.killEntity.Zombie":7,"stat.diveOneCm":11325,"stat.pickup.minecraft.wheat":16,"stat.useItem.thermalfoundation.wrench":6,"stat.pickup.minecraft.sign":1,"stat.pickup.minecraft.gravel":11,"stat.drop.minecraft.cooked_beef":3,"stat.useItem.minecraft.apple":1,"stat.craftItem.thermalexpansion.machine":1,"stat.jump":1151,"stat.pickup.minecraft.coal":92,"stat.useItem.minecraft.stone_axe":138,"stat.craftItem.minecraft.bread":3,"stat.craftItem.minecraft.torch":56,"stat.pickup.minecraft.dirt":489,"stat.useItem.minecraft.cooked_chicken":4,"stat.pickup.minecraft.iron_ore":75,"stat.useItem.minecraft.glass":1,"stat.mineBlock.minecraft.leaves2":4,"stat.damageTaken":1349,"stat.pickup.minecraft.leather":19,"stat.mineBlock.minecraft.red_flower":2,"stat.mineBlock.minecraft.torch":16,"stat.useItem.minecraft.wooden_pickaxe":16,"stat.pickup.minecraft.dark_oak_fence":99,"stat.pickup.minecraft.log2":193,"stat.pickup.ic2.rubber_wood":14,"stat.pickup.minecraft.reeds":10,"stat.damageDealt":4809,"stat.craftItem.minecraft.glass":8,"stat.killEntity.Cow":10,"stat.craftItem.minecraft.stone_slab":24,"stat.craftItem.minecraft.stone_shovel":3,"stat.walkOneCm":1479666,"stat.useItem.minecraft.chest":5,"stat.pickup.minecraft.clay_ball":80,"stat.useItem.minecraft.dark_oak_fence_gate":1,"stat.pickup.minecraft.stone":101,"stat.pickup.biomesoplenty.fleshchunk":7,"stat.pickup.minecraft.cooked_beef":10,"stat.killEntity.Skeleton":2,"stat.killEntity.Chicken":10,"stat.killEntity.Spider":1,"stat.mineBlock.minecraft.quartz_ore":4,"stat.mineBlock.biomesoplenty.flesh":15,"stat.pickup.minecraft.bread":7,"stat.mineBlock.minecraft.glowstone":3,"stat.mobKills":55,"stat.pickup.minecraft.quartz":4,"stat.mineBlock.minecraft.leaves":1,"stat.pickup.minecraft.torch":67,"stat.mineBlock.minecraft.stone":543}