{"stat.chestOpened":6,"stat.pickup.harvestcraft.tomatoitem":1,"stat.mineBlock.minecraft.netherrack":38,"stat.leaveGame":1,"stat.jump":291,"stat.swimOneCm":86,"stat.pickup.minecraft.coal":1,"stat.fallOneCm":269,"stat.craftItem.minecraft.torch":4,"stat.pickup.minecraft.dirt":13,"stat.useItem.minecraft.dirt":12,"stat.useItem.minecraft.stone_slab2":6,"stat.craftingTableInteraction":3,"stat.craftItem.forestry.planks.0":8,"stat.pickup.thermalfoundation.ore":14,"stat.damageTaken":60,"stat.craftItem.minecraft.stone_pickaxe":1,"stat.mineBlock.minecraft.torch":2,"stat.useItem.minecraft.wooden_pickaxe":58,"stat.mineBlock.minecraft.magma":8,"stat.pickup.minecraft.cobblestone":52,"stat.pickup.minecraft.planks":5,"stat.mineBlock.chisel.limestone2":2,"stat.craftItem.minecraft.stone_sword":1,"stat.pickup.chisel.limestone2":2,"stat.flyOneCm":589,"stat.pickup.minecraft.wheat_seeds":2,"stat.useItem.minecraft.stone_pickaxe":63,"stat.damageDealt":35,"stat.timeSinceDeath":30867,"stat.pickup.actuallyadditions.item_canola_seed":1,"stat.pickup.integrateddynamics.on_the_dynamics_of_integration":1,"stat.craftItem.minecraft.wooden_pickaxe":1,"stat.walkOneCm":165547,"stat.useItem.minecraft.torch":3,"stat.pickup.minecraft.dark_oak_door":1,"stat.mineBlock.thermalfoundation.ore":14,"stat.pickup.minecraft.magma":8,"stat.useItem.minecraft.cobblestone":8,"stat.mineBlock.minecraft.coal_ore":1,"stat.pickup.minecraft.stone":6,"stat.pickup.actuallyadditions.item_misc":3,"stat.craftItem.minecraft.stick":8,"stat.useItem.minecraft.netherrack":6,"stat.pickup.minecraft.egg":1,"stat.playOneMinute":30867,"stat.pickup.minecraft.torch":3,"stat.mineBlock.actuallyadditions.block_wild":1,"stat.mineBlock.minecraft.stone":58,"stat.pickup.minecraft.netherrack":33}