{"stat.pickup.tconstruct.book":2,"stat.pickup.minecraft.bone":2,"stat.leaveGame":3,"stat.craftItem.thermalfoundation.wrench":1,"stat.useItem.minecraft.log2":1,"stat.pickup.extrautils2.redorchid":1,"stat.mineBlock.ic2.rubber_wood":7,"stat.swimOneCm":9652,"stat.useItem.minecraft.planks":382,"stat.climbOneCm":398,"stat.useItem.minecraft.dirt":63,"stat.useItem.minecraft.stone_slab2":32,"stat.useItem.minecraft.water_bucket":3,"stat.pickup.minecraft.rotten_flesh":13,"stat.pickup.minecraft.sand":14,"stat.craftItem.minecraft.furnace":2,"stat.pickup.thermalfoundation.ore":20,"stat.useItem.minecraft.egg":10,"stat.craftItem.minecraft.stone_axe":1,"stat.craftItem.minecraft.stone_pickaxe":2,"stat.craftItem.minecraft.cooked_beef":10,"stat.pickup.minecraft.cobblestone":15,"stat.mineBlock.minecraft.clay":20,"stat.pickup.extratrees.hops":16,"stat.craftItem.minecraft.stone_sword":3,"stat.flyOneCm":1859,"stat.mineBlock.minecraft.sand":14,"stat.killEntity.Witch":1,"stat.useItem.minecraft.cooked_beef":7,"stat.mineBlock.minecraft.iron_ore":8,"stat.timeSinceDeath":161796,"stat.pickup.integrateddynamics.on_the_dynamics_of_integration":2,"stat.craftItem.minecraft.wooden_pickaxe":1,"stat.pickup.minecraft.mutton":5,"stat.pickup.astralsorcery.itemjournal":1,"stat.mineBlock.minecraft.vine":1,"stat.furnaceInteraction":136,"stat.drop.thermalexpansion.dynamo":1,"stat.mineBlock.minecraft.coal_ore":1,"stat.pickup.actuallyadditions.item_solidified_experience":15,"stat.mineBlock.minecraft.red_mushroom_block":5,"stat.craftItem.thermalfoundation.material":133,"stat.pickup.minecraft.beef":16,"stat.craftItem.minecraft.stone_slab2":0,"stat.sprintOneCm":62,"stat.craftItem.minecraft.stick":28,"stat.craftItem.minecraft.wooden_axe":1,"stat.craftItem.thermalexpansion.dynamo":1,"stat.mineBlock.minecraft.crafting_table":2,"stat.pickup.ic2.misc_resource":6,"stat.useItem.minecraft.beef":1,"stat.mineBlock.minecraft.planks":22,"stat.drop":6,"stat.pickup.minecraft.egg":12,"stat.playOneMinute":161796,"stat.killEntity.Sheep":3,"stat.killEntity.Zombie":6,"stat.pickup.chisel.marble2":2,"stat.mineBlock.minecraft.tallgrass":225,"stat.craftItem.minecraft.cooked_mutton":1,"stat.diveOneCm":5757,"stat.chestOpened":274,"stat.craftItem.thermalexpansion.device":1,"stat.useItem.thermalfoundation.wrench":6,"stat.pickup.minecraft.gravel":2,"stat.pickup.minecraft.arrow":2,"stat.drop.minecraft.cooked_beef":3,"stat.useItem.minecraft.apple":1,"stat.craftItem.minecraft.coal":13,"stat.craftItem.thermalexpansion.machine":1,"stat.jump":534,"stat.pickup.minecraft.coal":17,"stat.pickup.minecraft.cooked_chicken":1,"stat.fallOneCm":3692,"stat.useItem.minecraft.stone_axe":131,"stat.crouchOneCm":14027,"stat.mineBlock.minecraft.chest":3,"stat.craftItem.minecraft.chest":6,"stat.craftItem.minecraft.torch":56,"stat.craftItem.minecraft.iron_ingot":91,"stat.pickup.minecraft.dirt":59,"stat.pickup.minecraft.red_mushroom":2,"stat.useItem.minecraft.cooked_chicken":1,"stat.craftingTableInteraction":79,"stat.pickup.minecraft.iron_ore":8,"stat.useItem.minecraft.glass":1,"stat.mineBlock.minecraft.leaves2":4,"stat.mineBlock.minecraft.log2":163,"stat.pickup.minecraft.wooden_pickaxe":1,"stat.damageTaken":800,"stat.pickup.minecraft.leather":19,"stat.pickup.minecraft.feather":12,"stat.mineBlock.minecraft.red_flower":2,"stat.mineBlock.minecraft.torch":5,"stat.useItem.minecraft.wooden_pickaxe":16,"stat.pickup.minecraft.log2":193,"stat.pickup.theoneprobe.probenote":2,"stat.pickup.ic2.rubber_wood":14,"stat.pickup.minecraft.planks":242,"stat.pickup.minecraft.reeds":10,"stat.pickup.minecraft.wheat_seeds":35,"stat.mineBlock.minecraft.gravel":2,"stat.useItem.minecraft.stone_pickaxe":12,"stat.useItem.minecraft.stone_sword":153,"stat.drop.thermalexpansion.device":1,"stat.damageDealt":3250,"stat.craftItem.minecraft.glass":8,"stat.killEntity.Cow":10,"stat.mineBlock.minecraft.dirt":51,"stat.walkOneCm":719518,"stat.pickup.immersiveengineering.seed":10,"stat.useItem.minecraft.torch":49,"stat.useItem.minecraft.chest":5,"stat.pickup.minecraft.crafting_table":2,"stat.pickup.minecraft.clay_ball":80,"stat.craftItem.minecraft.crafting_table":1,"stat.mineBlock.minecraft.double_plant":8,"stat.pickup.minecraft.log":25,"stat.craftItem.minecraft.gold_ingot":11,"stat.pickup.minecraft.stone":3,"stat.pickup.minecraft.chicken":10,"stat.pickup.minecraft.sapling":7,"stat.pickup.minecraft.apple":2,"stat.pickup.minecraft.cooked_beef":8,"stat.killEntity.Skeleton":1,"stat.craftItem.minecraft.bucket":2,"stat.craftItem.minecraft.planks":592,"stat.killEntity.Chicken":10,"stat.killEntity.Spider":1,"stat.mobKills":33,"stat.mineBlock.minecraft.log":12,"stat.craftItem.minecraft.cooked_chicken":4,"stat.mineBlock.minecraft.leaves":1,"stat.pickup.minecraft.torch":55,"stat.pickup.minecraft.red_flower":4,"stat.craftItem.thermalexpansion.frame":2,"stat.sneakTime":2605,"stat.pickup.minecraft.wool":4,"stat.pickup.ic2.sapling":2,"stat.drop.minecraft.bucket":1,"stat.useItem.minecraft.wooden_axe":59,"stat.mineBlock.minecraft.stone":18,"stat.pickup.minecraft.chest":7}