{"stat.chestOpened":125,"stat.pickup.minecraft.bone":2,"stat.pickup.harvestcraft.tomatoitem":8,"stat.drop.minecraft.beetroot":5,"stat.mineBlock.minecraft.netherrack":115,"stat.leaveGame":7,"stat.pickup.minecraft.arrow":2,"stat.mineBlock.forestry.leaves":1,"stat.pickup.minecraft.waterlily":5,"stat.mineBlock.minecraft.cobblestone":4,"stat.killEntity.Slime":1,"stat.pickup.minecraft.stone_pickaxe":1,"stat.pickup.harvestcraft.mangoitem":7,"stat.pickup.harvestcraft.figitem":8,"stat.useItem.minecraft.waterlily":1,"stat.mineBlock.actuallyadditions.block_misc":1,"stat.pickup.astralsorcery.itemconstellationpaper":1,"stat.pickup.gravestone.death_info":1,"stat.pickup.minecraft.dark_oak_boat":1,"stat.swimOneCm":17744,"stat.jump":933,"stat.pickup.minecraft.coal":52,"stat.fallOneCm":12857,"stat.climbOneCm":1776,"stat.useItem.minecraft.dark_oak_boat":1,"stat.craftItem.ic2.treetap":2,"stat.pickup.minecraft.carrot":10,"stat.pickup.minecraft.glowstone_dust":3,"stat.useItem.minecraft.stone_axe":28,"stat.craftItem.minecraft.bread":7,"stat.crouchOneCm":2825,"stat.pickup.actuallyadditions.item_food":3,"stat.mineBlock.minecraft.chest":2,"stat.craftItem.minecraft.torch":36,"stat.pickup.minecraft.dirt":10,"stat.useItem.minecraft.stone_slab2":7,"stat.mineBlock.astralsorcery.blockcustomflower":4,"stat.pickup.harvestcraft.durianitem":12,"stat.pickup.actuallyadditions.block_misc":1,"stat.craftingTableInteraction":17,"stat.boatOneCm":161924,"stat.pickup.thermalfoundation.ore":13,"stat.entityKilledBy.Spider":1,"stat.pickup.actuallyadditions.item_coffee_seed":2,"stat.useItem.minecraft.egg":41,"stat.craftItem.minecraft.stone_axe":2,"stat.mineBlock.harvestcraft.pamfig":4,"stat.damageTaken":1200,"stat.pickup.minecraft.leather":10,"stat.pickup.minecraft.cobblestone_wall":1,"stat.craftItem.minecraft.stone_pickaxe":1,"stat.pickup.minecraft.cobblestone":118,"stat.mineBlock.harvestcraft.pamalmond":8,"stat.pickup.extratrees.hops":6,"stat.useItem.minecraft.stone_shovel":1,"stat.pickup.minecraft.prismarine_crystals":2,"stat.craftItem.minecraft.stone_sword":2,"stat.flyOneCm":59731,"stat.pickup.minecraft.wheat_seeds":67,"stat.pickup.minecraft.brown_mushroom":1,"stat.pickup.minecraft.potato":29,"stat.entityKilledBy.Zombie":1,"stat.drop.minecraft.wheat_seeds":15,"stat.useItem.minecraft.stone_pickaxe":241,"stat.useItem.minecraft.stone_sword":29,"stat.damageDealt":1140,"stat.sleepInBed":2,"stat.timeSinceDeath":55425,"stat.hopperInspected":1,"stat.pickup.actuallyadditions.item_canola_seed":5,"stat.killEntity.Cow":7,"stat.mineBlock.minecraft.dirt":10,"stat.pickup.integrateddynamics.on_the_dynamics_of_integration":1,"stat.killEntity.Pig":1,"stat.pickup.minecraft.mutton":3,"stat.pickup.actuallyadditions.item_rice_seed":1,"stat.pickup.harvestcraft.rhubarbitem":3,"stat.craftItem.minecraft.stone_shovel":1,"stat.walkOneCm":411189,"stat.mineBlock.harvestcraft.pammango":4,"stat.craftItem.minecraft.bed":1,"stat.useItem.minecraft.bread":14,"stat.useItem.minecraft.torch":2,"stat.useItem.minecraft.chest":1,"stat.drop.gravestone.death_info":2,"stat.pickup.harvestcraft.almonditem":16,"stat.mineBlock.chisel.marble2":2,"stat.pickup.minecraft.crafting_table":2,"stat.mineBlock.thermalfoundation.ore":13,"stat.useItem.minecraft.cobblestone":15,"stat.craftItem.minecraft.crafting_table":2,"stat.furnaceInteraction":1,"stat.mineBlock.botania.flower":3,"stat.drop.minecraft.beetroot_seeds":6,"stat.mineBlock.minecraft.coal_ore":54,"stat.talkedToVillager":1,"stat.pickup.actuallyadditions.item_solidified_experience":1,"stat.pickup.minecraft.log":27,"stat.mineBlock.harvestcraft.pamdurian":8,"stat.drop.immersiveengineering.tool":1,"stat.pickup.minecraft.beef":16,"stat.pickup.minecraft.sapling":11,"stat.pickup.minecraft.ender_pearl":1,"stat.sprintOneCm":212853,"stat.pickup.actuallyadditions.item_misc":8,"stat.pickup.minecraft.apple":2,"stat.pickup.actuallyadditions.item_coffee_beans":11,"stat.craftItem.minecraft.stick":36,"stat.craftItem.immersiveengineering.tool":1,"stat.killEntity.Skeleton":1,"stat.pickup.minecraft.beetroot":13,"stat.pickup.harvestcraft.parsnipitem":1,"stat.craftItem.minecraft.planks":40,"stat.pickup.harvestcraft.queenbeeitem":1,"stat.mineBlock.minecraft.sea_lantern":1,"stat.mineBlock.minecraft.crafting_table":2,"stat.pickup.ic2.misc_resource":6,"stat.mineBlock.astralsorcery.blockmarble":31,"stat.useItem.minecraft.carrot":1,"stat.pickup.astralsorcery.itemcraftingcomponent":1,"stat.mobKills":16,"stat.mineBlock.minecraft.log":27,"stat.pickup.botania.flower":3,"stat.useItem.minecraft.stone_hoe":1,"stat.craftItem.minecraft.dark_oak_boat":1,"stat.deaths":3,"stat.drop":29,"stat.useItem.ic2.treetap":2,"stat.pickup.minecraft.beetroot_seeds":20,"stat.mineBlock.minecraft.leaves":3,"stat.pickup.minecraft.egg":4,"stat.playOneMinute":106311,"stat.killEntity.Sheep":2,"stat.sneakTime":941,"stat.pickup.minecraft.wool":1,"stat.mineBlock.minecraft.cobblestone_wall":1,"stat.pickup.astralsorcery.blockmarble":30,"stat.mineBlock.minecraft.stone":19,"stat.pickup.chisel.marble2":2,"stat.mineBlock.minecraft.tallgrass":9,"stat.pickup.minecraft.netherrack":114,"stat.diveOneCm":6723,"stat.pickup.minecraft.wheat":75,"stat.pickup.minecraft.chest":2}