{"stat.pickup.tconstruct.book":2,"stat.leaveGame":21,"stat.craftItem.thermalfoundation.wrench":1,"stat.mineBlock.ic2.sapling":4,"stat.pickup.extrautils2.redorchid":2,"stat.mineBlock.actuallyadditions.block_crystal_cluster_diamond":1,"stat.drop.ic2.crafting":3,"stat.drop.minecraft.redstone":1,"stat.mineBlock.ic2.rubber_wood":7,"stat.killEntity.Blaze":10,"stat.pickup.gravestone.death_info":6,"stat.useItem.minecraft.planks":398,"stat.pickup.minecraft.glowstone_dust":10,"stat.mineBlock.gravestone.gravestone":2,"stat.mineBlock.actuallyadditions.block_crystal_cluster_lapis":2,"stat.useItem.ic2.electric_wrench":8,"stat.useItem.minecraft.water_bucket":3,"stat.pickup.minecraft.rotten_flesh":27,"stat.pickup.minecraft.sand":16,"stat.craftItem.minecraft.dark_oak_fence":6,"stat.entityKilledBy.Spider":1,"stat.craftItem.minecraft.stone_axe":4,"stat.craftItem.actuallyadditions.block_misc":1,"stat.pickup.minecraft.cobblestone_wall":2,"stat.killEntity.Enderman":3,"stat.craftItem.minecraft.stone_sword":5,"stat.mineBlock.minecraft.sand":35,"stat.killEntity.Witch":1,"stat.hopperInspected":1,"stat.pickup.forestry.crate":32,"stat.useItem.minecraft.iron_pickaxe":9,"stat.craftItem.minecraft.wooden_pickaxe":1,"stat.craftItem.enderstorage.ender_storage":2,"stat.pickup.harvestcraft.rhubarbitem":11,"stat.pickup.astralsorcery.itemjournal":1,"stat.craftItem.minecraft.bed":1,"stat.pickup.appliedenergistics2.sky_stone_block":281,"stat.mineBlock.actuallyadditions.block_crystal_cluster_redstone":1,"stat.drop.gravestone.death_info":4,"stat.mineBlock.minecraft.vine":3,"stat.mineBlock.chisel.marble2":10,"stat.pickup.thermalfoundation.material":6,"stat.furnaceInteraction":197,"stat.craftItem.ic2.te":1,"stat.pickup.appliedenergistics2.crystal_seed":10,"stat.killEntity.ZombieVillager":2,"stat.pickup.harvestcraft.cornitem":6,"stat.pickup.actuallyadditions.item_solidified_experience":18,"stat.craftItem.thermalfoundation.material":241,"stat.craftItem.minecraft.leather_helmet":1,"stat.pickup.minecraft.beef":26,"stat.drop.appliedenergistics2.crystal_seed":8,"stat.pickup.minecraft.leather_helmet":1,"stat.useItem.thermaldynamics.duct_0":2,"stat.mineBlock.minecraft.fence":1,"stat.useItem.ic2.sapling":12,"stat.useItem.minecraft.wheat_seeds":47,"stat.pickup.ic2.misc_resource":168,"stat.mineBlock.astralsorcery.blockmarble":2,"stat.drop.forestry.crate":32,"stat.mineBlock.ic2.leaves":440,"stat.mineBlock.minecraft.soul_sand":3,"stat.mineBlock.actuallyadditions.block_giant_chest":1,"stat.useItem.minecraft.beef":1,"stat.pickup.minecraft.lever":1,"stat.deaths":1,"stat.craftItem.forestry.engine_electrical":1,"stat.useItem.ic2.treetap":30,"stat.pickup.minecraft.egg":46,"stat.pickup.actuallyadditions.item_dust":2,"stat.playOneMinute":1278948,"stat.pickup.minecraft.blaze_rod":4,"stat.craftItem.minecraft.iron_pickaxe":1,"stat.pickup.chisel.marble2":10,"stat.mineBlock.minecraft.tallgrass":387,"stat.craftItem.minecraft.cooked_mutton":1,"stat.pickup.minecraft.netherrack":523,"stat.chestOpened":1183,"stat.craftItem.thermalexpansion.device":1,"stat.pickup.thermalfoundation.wrench":1,"stat.useItem.ic2.cable":12,"stat.pickup.harvestcraft.tomatoitem":6,"stat.craftItem.minecraft.sign":12,"stat.mineBlock.minecraft.dark_oak_fence":8,"stat.mineBlock.minecraft.netherrack":533,"stat.pickup.minecraft.arrow":7,"stat.pickup.minecraft.waterlily":20,"stat.craftItem.appliedenergistics2.part":10,"stat.mineBlock.appliedenergistics2.sky_stone_block":283,"stat.craftItem.minecraft.coal":30,"stat.pickup.harvestcraft.chilipepperitem":11,"stat.pickup.minecraft.cooked_chicken":1,"stat.fallOneCm":38050,"stat.craftItem.ic2.treetap":3,"stat.pickup.minecraft.carrot":38,"stat.drop.minecraft.stone_sword":1,"stat.crouchOneCm":46422,"stat.craftItem.ic2.cable":34,"stat.mineBlock.minecraft.chest":7,"stat.pickup.actuallyadditions.item_food":31,"stat.craftItem.minecraft.chest":19,"stat.craftItem.minecraft.iron_ingot":113,"stat.pickup.appliedenergistics2.sky_stone_chest":2,"stat.mineBlock.minecraft.lever":1,"stat.pickup.minecraft.red_mushroom":2,"stat.craftingTableInteraction":168,"stat.mineBlock.minecraft.log2":217,"stat.pickup.minecraft.wooden_pickaxe":1,"stat.pickup.minecraft.feather":12,"stat.useItem.minecraft.dark_oak_fence":77,"stat.pickup.theoneprobe.probenote":2,"stat.pickup.minecraft.dye":16,"stat.pickup.minecraft.planks":245,"stat.pickup.chisel.limestone2":18,"stat.pickup.minecraft.wheat_seeds":844,"stat.craftItem.minecraft.dark_oak_fence_gate":4,"stat.mineBlock.minecraft.gravel":55,"stat.useItem.minecraft.stone_pickaxe":2312,"stat.useItem.minecraft.stone_sword":404,"stat.drop.thermalexpansion.device":1,"stat.mineBlock.minecraft.dirt":1288,"stat.pickup.minecraft.poisonous_potato":1,"stat.mineBlock.harvestcraft.pammango":1,"stat.pickup.immersiveengineering.seed":15,"stat.useItem.minecraft.torch":209,"stat.useItem.minecraft.bread":54,"stat.mineBlock.actuallyadditions.block_black_lotus":1,"stat.pickup.minecraft.crafting_table":3,"stat.useItem.minecraft.cobblestone":446,"stat.pickup.minecraft.magma":3,"stat.craftItem.minecraft.crafting_table":3,"stat.useItem.minecraft.gravel":81,"stat.mineBlock.minecraft.double_plant":10,"stat.killEntity.LavaSlime":14,"stat.mineBlock.forestry.stairs.vanilla.fireproof.oak":2,"stat.pickup.minecraft.log":27,"stat.drop.immersiveengineering.tool":1,"stat.craftItem.minecraft.gold_ingot":11,"stat.pickup.minecraft.tallgrass":11,"stat.pickup.minecraft.chicken":10,"stat.pickup.minecraft.sapling":19,"stat.pickup.minecraft.apple":2,"stat.craftItem.appliedenergistics2.fluix_block":1,"stat.pickup.minecraft.beetroot":34,"stat.pickup.minecraft.coal_block":1,"stat.pickup.harvestcraft.parsnipitem":3,"stat.craftItem.minecraft.bucket":2,"stat.craftItem.minecraft.planks":596,"stat.pickup.minecraft.stone_sword":4,"stat.mineBlock.integrateddynamics.menril_log":3,"stat.pickup.minecraft.book":1,"stat.mineBlock.minecraft.log":12,"stat.craftItem.minecraft.cooked_chicken":4,"stat.useItem.minecraft.stone_hoe":8,"stat.craftItem.ic2.re_battery":4,"stat.craftItem.minecraft.paper":3,"stat.pickup.minecraft.red_flower":6,"stat.craftItem.thermalexpansion.frame":2,"stat.sneakTime":16942,"stat.pickup.minecraft.wool":39,"stat.pickup.ic2.sapling":32,"stat.drop.minecraft.bucket":1,"stat.useItem.minecraft.wooden_axe":59,"stat.pickup.minecraft.chest":11,"stat.pickup.ic2.electric_wrench":1,"stat.pickup.minecraft.bone":9,"stat.craftItem.minecraft.sticky_piston":2,"stat.horseOneCm":8306,"stat.useItem.minecraft.log2":1,"stat.mineBlock.minecraft.cobblestone":54,"stat.pickup.minecraft.stone_pickaxe":4,"stat.drop.minecraft.leather_helmet":1,"stat.pickup.minecraft.leather_chestplate":1,"stat.mineBlock.actuallyadditions.block_misc":6,"stat.mineBlock.minecraft.brown_mushroom":1,"stat.mineBlock.appliedenergistics2.quartz_ore":1,"stat.swimOneCm":85739,"stat.climbOneCm":5100,"stat.drop.minecraft.sticky_piston":2,"stat.pickup.thermalexpansion.machine":1,"stat.useItem.minecraft.dirt":249,"stat.drop.minecraft.quartz":1,"stat.mineBlock.actuallyadditions.block_canola_press":1,"stat.useItem.minecraft.stone_slab2":102,"stat.pickup.actuallyadditions.block_giant_chest":1,"stat.craftItem.minecraft.furnace":2,"stat.pickup.thermalfoundation.ore":100,"stat.useItem.minecraft.egg":126,"stat.drop.theoneprobe.probenote":1,"stat.craftItem.minecraft.stone_pickaxe":17,"stat.craftItem.minecraft.cooked_beef":11,"stat.mineBlock.minecraft.magma":1,"stat.pickup.minecraft.cobblestone":1282,"stat.mineBlock.minecraft.clay":20,"stat.pickup.extratrees.hops":64,"stat.mineBlock.chisel.limestone2":14,"stat.useItem.minecraft.stone_shovel":1213,"stat.flyOneCm":14766,"stat.pickup.minecraft.soul_sand":6,"stat.pickup.appliedenergistics2.material":12,"stat.pickup.actuallyadditions.item_booklet":1,"stat.useItem.chisel.limestone2":1,"stat.useItem.minecraft.cooked_beef":10,"stat.craftItem.ic2.mining_pipe":16,"stat.pickup.minecraft.redstone":23,"stat.mineBlock.minecraft.iron_ore":98,"stat.craftItem.minecraft.book":1,"stat.timeSinceDeath":618263,"stat.useItem.minecraft.sign":12,"stat.pickup.integrateddynamics.on_the_dynamics_of_integration":4,"stat.pickup.minecraft.mutton":5,"stat.pickup.actuallyadditions.item_rice_seed":15,"stat.killEntity.Bat":1,"stat.mineBlock.minecraft.coal_block":1,"stat.mineBlock.thermalfoundation.ore":81,"stat.drop.appliedenergistics2.sky_compass":1,"stat.drop.minecraft.dirt":27,"stat.pickup.thermaldynamics.duct_0":6,"stat.drop.thermalexpansion.dynamo":1,"stat.mineBlock.minecraft.coal_ore":82,"stat.killEntity.Creeper":3,"stat.craftItem.minecraft.stone_hoe":4,"stat.talkedToVillager":11,"stat.mineBlock.minecraft.red_mushroom_block":5,"stat.mineBlock.actuallyadditions.block_coffee_machine":1,"stat.pickup.minecraft.string":2,"stat.pickup.actuallyadditions.item_crystal_shard":19,"stat.craftItem.minecraft.stone_slab2":0,"stat.pickup.actuallyadditions.block_tiny_torch":1,"stat.sprintOneCm":11868,"stat.pickup.actuallyadditions.item_misc":37,"stat.pickup.immersiveengineering.tool":1,"stat.craftItem.minecraft.stick":104,"stat.craftItem.minecraft.wooden_axe":1,"stat.pickup.ic2.resource":1,"stat.craftItem.thermalexpansion.dynamo":1,"stat.mineBlock.minecraft.crafting_table":3,"stat.useItem.minecraft.diamond_pickaxe":303,"stat.pickup.botania.flower":2,"stat.pickup.appliedenergistics2.sky_compass":2,"stat.useItem.ic2.electric_treetap":231,"stat.mineBlock.minecraft.planks":22,"stat.drop":111,"stat.craftItem.minecraft.leather_chestplate":1,"stat.craftItem.actuallyadditions.item_misc":2,"stat.craftItem.actuallyadditions.item_crafter_on_a_stick":1,"stat.killEntity.Sheep":3,"stat.killEntity.Zombie":20,"stat.drop.minecraft.bread":19,"stat.diveOneCm":38631,"stat.drop.minecraft.diamond_pickaxe":1,"stat.pickup.minecraft.wheat":960,"stat.craftItem.minecraft.piston":3,"stat.useItem.thermalfoundation.wrench":20,"stat.pickup.minecraft.sign":4,"stat.pickup.minecraft.gravel":49,"stat.drop.minecraft.cooked_beef":3,"stat.pickup.minecraft.stone_axe":2,"stat.pickup.harvestcraft.mangoitem":6,"stat.useItem.minecraft.waterlily":2,"stat.useItem.minecraft.apple":1,"stat.pickup.ic2.te":2,"stat.craftItem.thermalexpansion.machine":1,"stat.jump":5086,"stat.craftItem.ic2.electric_treetap":1,"stat.pickup.minecraft.coal":98,"stat.pickup.actuallyadditions.block_black_lotus":1,"stat.useItem.minecraft.stone_axe":210,"stat.craftItem.minecraft.bread":469,"stat.pickup.minecraft.gunpowder":1,"stat.pickup.harvestcraft.peanutitem":14,"stat.mineBlock.harvestcraft.shadedgarden":1,"stat.pickup.minecraft.spider_eye":1,"stat.craftItem.minecraft.torch":116,"stat.pickup.ic2.crafting":8,"stat.pickup.minecraft.dirt":1202,"stat.pickup.harvestcraft.durianitem":8,"stat.pickup.actuallyadditions.block_misc":8,"stat.useItem.minecraft.cooked_chicken":4,"stat.pickup.minecraft.iron_ore":98,"stat.useItem.minecraft.glass":1,"stat.pickup.minecraft.stone_shovel":2,"stat.boatOneCm":745030,"stat.mineBlock.minecraft.lapis_ore":3,"stat.pickup.actuallyadditions.item_coffee_seed":8,"stat.mineBlock.minecraft.leaves2":5,"stat.mineBlock.minecraft.stone_stairs":1,"stat.damageTaken":4445,"stat.pickup.minecraft.leather":24,"stat.mineBlock.minecraft.red_flower":2,"stat.mineBlock.minecraft.torch":34,"stat.useItem.minecraft.wooden_pickaxe":16,"stat.pickup.minecraft.dark_oak_fence":102,"stat.pickup.minecraft.log2":261,"stat.pickup.ic2.rubber_wood":14,"stat.pickup.minecraft.reeds":76,"stat.pickup.minecraft.potato":42,"stat.damageDealt":11075,"stat.craftItem.minecraft.glass":8,"stat.craftItem.minecraft.cauldron":2,"stat.sleepInBed":18,"stat.pickup.actuallyadditions.item_canola_seed":1,"stat.killEntity.Cow":13,"stat.craftItem.minecraft.stone_slab":24,"stat.craftItem.minecraft.stone_shovel":9,"stat.pickup.minecraft.boat":17,"stat.walkOneCm":5321855,"stat.useItem.minecraft.chest":10,"stat.playerKills":2,"stat.mineBlock.ic2.te":5,"stat.pickup.minecraft.stick":8,"stat.pickup.minecraft.diamond_pickaxe":1,"stat.drop.appliedenergistics2.material":1,"stat.pickup.minecraft.clay_ball":80,"stat.useItem.minecraft.dark_oak_fence_gate":1,"stat.mineBlock.appliedenergistics2.sky_stone_chest":2,"stat.pickup.minecraft.stone":317,"stat.pickup.biomesoplenty.fleshchunk":7,"stat.pickup.ic2.treetap":1,"stat.pickup.minecraft.ender_pearl":2,"stat.pickup.ic2.forge_hammer":1,"stat.pickup.minecraft.cooked_beef":10,"stat.pickup.actuallyadditions.item_coffee_beans":20,"stat.mineBlock.thermalfoundation.ore_fluid":2,"stat.useItem.minecraft.netherrack":1,"stat.killEntity.Skeleton":5,"stat.craftItem.ic2.crafting":8,"stat.killEntity.Chicken":27,"stat.pickup.ic2.cable":11,"stat.pickup.harvestcraft.cucumberitem":7,"stat.killEntity.Spider":4,"stat.mineBlock.minecraft.quartz_ore":22,"stat.mineBlock.biomesoplenty.flesh":15,"stat.pickup.minecraft.bread":26,"stat.mineBlock.minecraft.glowstone":3,"stat.mobKills":105,"stat.pickup.minecraft.quartz":22,"stat.craftItem.minecraft.shears":1,"stat.craftItem.ic2.resource":1,"stat.mineBlock.appliedenergistics2.sky_compass":1,"stat.useItem.minecraft.boat":15,"stat.mineBlock.minecraft.leaves":80,"stat.pickup.minecraft.beetroot_seeds":29,"stat.pickup.minecraft.torch":137,"stat.mineBlock.actuallyadditions.block_grinder":1,"stat.mineBlock.minecraft.redstone_ore":5,"stat.mineBlock.minecraft.stone":1428,"stat.drop.tconstruct.book":1,"stat.craftItem.actuallyadditions.block_giant_chest":1}