{"stat.pickup.tconstruct.book":1,"stat.useItem.harvestcraft.rhubarbitem":1,"stat.leaveGame":15,"stat.pickup.extrautils2.redorchid":2,"stat.mineBlock.ic2.rubber_wood":4,"stat.pickup.gravestone.death_info":2,"stat.drop.forge.bucketfilled":1,"stat.useItem.minecraft.poisonous_potato":1,"stat.useItem.minecraft.planks":205,"stat.pickup.bigreactors.brore":12,"stat.entityKilledBy.PigZombie":2,"stat.useItem.thermalfoundation.ore":1,"stat.pickup.minecraft.glass":35,"stat.mineBlock.gravestone.gravestone":2,"stat.useItem.minecraft.water_bucket":7,"stat.pickup.minecraft.rotten_flesh":11,"stat.craftItem.minecraft.dark_oak_fence":193,"stat.craftItem.minecraft.stone_axe":2,"stat.pickup.minecraft.cobblestone_wall":2,"stat.pickup.minecraft.bucket":1,"stat.pickup.harvestcraft.wintersquashitem":3,"stat.craftItem.minecraft.stone_sword":1,"stat.pickup.minecraft.brown_mushroom":3,"stat.pickup.harvestcraft.scallionitem":1,"stat.craftItem.forestry.sturdy_machine":4,"stat.pickup.forestry.crate":64,"stat.useItem.minecraft.iron_pickaxe":33,"stat.craftItem.minecraft.wooden_pickaxe":1,"stat.pickup.harvestcraft.rhubarbitem":17,"stat.pickup.forestry.pollen_fertile":2,"stat.pickup.astralsorcery.itemjournal":2,"stat.craftItem.minecraft.glass_pane":16,"stat.drop.gravestone.death_info":1,"stat.pickup.actuallyadditions.item_worm":2,"stat.pickup.harvestcraft.onionitem":2,"stat.mineBlock.minecraft.vine":1,"stat.pickup.thermalfoundation.material":4,"stat.furnaceInteraction":15,"stat.mineBlock.botania.flower":2,"stat.pickup.harvestcraft.cornitem":10,"stat.pickup.actuallyadditions.item_solidified_experience":1,"stat.craftItem.thermalfoundation.material":58,"stat.pickup.minecraft.beef":1,"stat.mineBlock.harvestcraft.windygarden":8,"stat.useItem.thermaldynamics.duct_0":3,"stat.useItem.minecraft.stone_stairs":16,"stat.useItem.minecraft.dark_oak_door":2,"stat.pickup.minecraft.stone_stairs":7,"stat.useItem.minecraft.wheat_seeds":62,"stat.mineBlock.minecraft.dark_oak_fence_gate":2,"stat.pickup.forestry.bee_princess_ge":6,"stat.deaths":3,"stat.pickup.minecraft.egg":10,"stat.playOneMinute":675185,"stat.mineBlock.actuallyadditions.block_wild":4,"stat.drop.minecraft.torch":1,"stat.pickup.chisel.marble2":3,"stat.mineBlock.minecraft.tallgrass":819,"stat.pickup.harvestcraft.cottonitem":4,"stat.chestOpened":288,"stat.pickup.harvestcraft.tomatoitem":8,"stat.mineBlock.minecraft.dark_oak_fence":34,"stat.useItem.minecraft.stone":6,"stat.mineBlock.forestry.centrifuge":1,"stat.pickup.minecraft.wooden_pressure_plate":4,"stat.pickup.harvestcraft.chilipepperitem":12,"stat.drop.minecraft.iron_pickaxe":1,"stat.fallOneCm":5001,"stat.pickup.minecraft.carrot":29,"stat.pickup.actuallyadditions.item_food":22,"stat.mineBlock.minecraft.chest":7,"stat.craftItem.minecraft.chest":12,"stat.craftingTableInteraction":24,"stat.drop.thermaldynamics.duct_16":3,"stat.mineBlock.minecraft.wooden_pressure_plate":3,"stat.mineBlock.minecraft.log2":89,"stat.pickup.minecraft.wooden_pickaxe":3,"stat.useItem.minecraft.dark_oak_fence":109,"stat.pickup.theoneprobe.probenote":4,"stat.pickup.minecraft.dye":13,"stat.pickup.minecraft.planks":472,"stat.pickup.minecraft.wheat_seeds":646,"stat.craftItem.minecraft.dark_oak_fence_gate":3,"stat.mineBlock.minecraft.gravel":10,"stat.useItem.minecraft.stone_pickaxe":340,"stat.mineBlock.minecraft.glass":12,"stat.useItem.minecraft.stone_sword":473,"stat.pickup.thermaldynamics.duct_16":2,"stat.pickup.forestry.beeswax":2,"stat.mineBlock.minecraft.dirt":232,"stat.craftItem.thermaldynamics.duct_16":18,"stat.pickup.minecraft.poisonous_potato":2,"stat.useItem.minecraft.torch":123,"stat.pickup.immersiveengineering.seed":17,"stat.useItem.minecraft.bread":7,"stat.craftItem.forestry.centrifuge":1,"stat.craftItem.forestry.carpenter":2,"stat.mineBlock.actuallyadditions.block_black_lotus":1,"stat.craftItem.minecraft.stone_stairs":12,"stat.useItem.minecraft.cobblestone":50,"stat.useItem.minecraft.gravel":7,"stat.mineBlock.minecraft.double_plant":33,"stat.useItem.actuallyadditions.item_canola_seed":52,"stat.pickup.minecraft.log":32,"stat.pickup.minecraft.iron_pickaxe":3,"stat.drop.minecraft.planks":1,"stat.pickup.minecraft.sapling":33,"stat.pickup.minecraft.beetroot":20,"stat.pickup.forestry.centrifuge":1,"stat.pickup.harvestcraft.parsnipitem":1,"stat.craftItem.minecraft.bucket":2,"stat.craftItem.minecraft.planks":720,"stat.pickup.minecraft.stone_sword":3,"stat.useItem.minecraft.wooden_pressure_plate":4,"stat.mineBlock.minecraft.log":12,"stat.useItem.minecraft.stone_hoe":12,"stat.pickup.forestry.squeezer":3,"stat.pickup.minecraft.red_flower":21,"stat.sneakTime":83,"stat.useItem.minecraft.wooden_axe":68,"stat.pickup.minecraft.chest":8,"stat.drop.minecraft.stone_pickaxe":1,"stat.pickup.forestry.sapling":5,"stat.mineBlock.minecraft.cobblestone":9,"stat.pickup.minecraft.stone_pickaxe":6,"stat.pickup.minecraft.flint":2,"stat.mineBlock.actuallyadditions.block_misc":17,"stat.mineBlock.appliedenergistics2.quartz_ore":2,"stat.swimOneCm":17345,"stat.useItem.thermaldynamics.duct_16":2,"stat.craftItem.ic2.fluid_cell":2,"stat.useItem.minecraft.dirt":283,"stat.useItem.minecraft.stone_slab2":54,"stat.pickup.forge.bucketfilled":1,"stat.pickup.ic2.fluid_cell":2,"stat.craftItem.minecraft.dark_oak_door":3,"stat.pickup.thermalfoundation.ore":45,"stat.useItem.minecraft.egg":8,"stat.craftItem.minecraft.stone_pickaxe":3,"stat.craftItem.minecraft.cooked_beef":1,"stat.pickup.minecraft.cobblestone":290,"stat.pickup.extratrees.hops":37,"stat.flyOneCm":4003,"stat.pickup.appliedenergistics2.material":3,"stat.useItem.minecraft.cooked_beef":4,"stat.pickup.minecraft.redstone":176,"stat.mineBlock.minecraft.iron_ore":52,"stat.timeSinceDeath":110268,"stat.pickup.integrateddynamics.on_the_dynamics_of_integration":3,"stat.pickup.actuallyadditions.item_rice_seed":12,"stat.useItem.minecraft.lever":1,"stat.pickup.minecraft.wooden_axe":3,"stat.pickup.minecraft.dark_oak_door":3,"stat.mineBlock.thermalfoundation.ore":21,"stat.pickup.thermaldynamics.duct_0":6,"stat.mineBlock.minecraft.coal_ore":86,"stat.pickup.forestry.honey_drop":1,"stat.pickup.forestry.bee_combs":4,"stat.craftItem.ic2.casing":24,"stat.entityKilledBy.Skeleton":1,"stat.craftItem.minecraft.stone_slab2":0,"stat.sprintOneCm":4895,"stat.pickup.actuallyadditions.item_misc":30,"stat.pickup.forestry.portable_alyzer":2,"stat.craftItem.minecraft.stick":284,"stat.craftItem.minecraft.wooden_axe":2,"stat.pickup.harvestcraft.barleyitem":1,"stat.pickup.forestry.logs.0":10,"stat.craftItem.minecraft.wooden_pressure_plate":6,"stat.pickup.botania.flower":5,"stat.mineBlock.forestry.squeezer":3,"stat.mineBlock.minecraft.planks":162,"stat.drop":10,"stat.killEntity.Zombie":3,"stat.pickup.minecraft.wheat":585,"stat.pickup.minecraft.gravel":8,"stat.pickup.minecraft.stone_axe":2,"stat.mineBlock.bigreactors.brore":7,"stat.jump":1092,"stat.craftItem.ic2.forge_hammer":2,"stat.pickup.minecraft.coal":126,"stat.pickup.actuallyadditions.block_black_lotus":1,"stat.craftItem.minecraft.lever":2,"stat.useItem.minecraft.stone_axe":183,"stat.mineBlock.harvestcraft.shadedgarden":1,"stat.pickup.harvestcraft.peanutitem":15,"stat.craftItem.minecraft.torch":312,"stat.pickup.minecraft.dirt":349,"stat.pickup.actuallyadditions.block_misc":19,"stat.pickup.minecraft.iron_ore":70,"stat.useItem.minecraft.glass":130,"stat.pickup.minecraft.gold_ore":6,"stat.mineBlock.minecraft.lapis_ore":2,"stat.pickup.actuallyadditions.item_coffee_seed":5,"stat.mineBlock.minecraft.stone_stairs":6,"stat.damageTaken":1590,"stat.pickup.minecraft.leather":2,"stat.mineBlock.minecraft.red_flower":5,"stat.mineBlock.minecraft.torch":35,"stat.useItem.minecraft.wooden_pickaxe":7,"stat.pickup.minecraft.dark_oak_fence":57,"stat.pickup.minecraft.log2":119,"stat.pickup.ic2.rubber_wood":8,"stat.pickup.minecraft.reeds":2,"stat.pickup.minecraft.potato":33,"stat.damageDealt":1551,"stat.craftItem.minecraft.glass":6,"stat.sleepInBed":15,"stat.pickup.harvestcraft.lettuceitem":2,"stat.pickup.actuallyadditions.item_canola_seed":39,"stat.killEntity.Cow":1,"stat.walkOneCm":2785908,"stat.useItem.minecraft.chest":8,"stat.pickup.minecraft.stick":34,"stat.useItem.minecraft.dark_oak_fence_gate":1,"stat.useItem.actuallyadditions.item_worm":2,"stat.pickup.minecraft.stone":44,"stat.pickup.minecraft.cooked_beef":3,"stat.pickup.actuallyadditions.item_coffee_beans":24,"stat.pickup.forestry.bee_drone_ge":4,"stat.pickup.forestry.scoop":1,"stat.killEntity.Chicken":1,"stat.pickup.harvestcraft.queenbeeitem":2,"stat.pickup.harvestcraft.cucumberitem":2,"stat.killEntity.Spider":1,"stat.pickup.harvestcraft.strawberryitem":2,"stat.pickup.minecraft.bread":57,"stat.craftItem.forestry.squeezer":1,"stat.mobKills":7,"stat.useItem.minecraft.cobblestone_wall":1,"stat.mineBlock.minecraft.leaves":6,"stat.pickup.minecraft.beetroot_seeds":25,"stat.pickup.minecraft.torch":61,"stat.mineBlock.minecraft.redstone_ore":7,"stat.drop.minecraft.stone_axe":1,"stat.mineBlock.minecraft.stone":160,"stat.pickup.minecraft.dark_oak_fence_gate":2}