{"stat.pickup.minecraft.bone":1,"stat.leaveGame":10,"stat.mineBlock.minecraft.cobblestone":15,"stat.pickup.minecraft.flint":7,"stat.mineBlock.appliedenergistics2.quartz_ore":1,"stat.swimOneCm":63142,"stat.climbOneCm":4144,"stat.useItem.minecraft.planks":4,"stat.useItem.minecraft.dirt":75,"stat.useItem.harvestcraft.tomatoitem":1,"stat.useItem.minecraft.stone_slab2":38,"stat.useItem.minecraft.water_bucket":4,"stat.craftItem.minecraft.dark_oak_door":3,"stat.pickup.minecraft.sand":2,"stat.craftItem.minecraft.dark_oak_fence":6,"stat.craftItem.forestry.planks.0":32,"stat.pickup.thermalfoundation.ore":136,"stat.useItem.minecraft.egg":9,"stat.craftItem.minecraft.stone_axe":2,"stat.pickup.minecraft.cobblestone_wall":6,"stat.pickup.minecraft.bucket":1,"stat.craftItem.minecraft.stone_pickaxe":10,"stat.mineBlock.minecraft.magma":8,"stat.pickup.minecraft.cobblestone":732,"stat.craftItem.minecraft.cobblestone_wall":84,"stat.mineBlock.chisel.limestone2":6,"stat.pickup.extratrees.hops":5,"stat.useItem.minecraft.stone_shovel":104,"stat.craftItem.minecraft.stone_sword":1,"stat.flyOneCm":4813,"stat.pickup.appliedenergistics2.material":3,"stat.pickup.minecraft.brown_mushroom":2,"stat.useItem.forestry.planks.0":9,"stat.pickup.harvestcraft.scallionitem":2,"stat.mineBlock.minecraft.iron_ore":95,"stat.timeSinceDeath":316101,"stat.hopperInspected":1,"stat.useItem.minecraft.sign":2,"stat.pickup.integrateddynamics.on_the_dynamics_of_integration":1,"stat.craftItem.minecraft.wooden_pickaxe":1,"stat.pickup.minecraft.mutton":7,"stat.pickup.harvestcraft.rhubarbitem":2,"stat.pickup.harvestcraft.whitemushroomitem":1,"stat.pickup.harvestcraft.beanitem":2,"stat.pickup.minecraft.dark_oak_door":1,"stat.mineBlock.chisel.marble2":7,"stat.mineBlock.minecraft.vine":11,"stat.mineBlock.thermalfoundation.ore":138,"stat.furnaceInteraction":3,"stat.mineBlock.minecraft.coal_ore":71,"stat.talkedToVillager":2,"stat.pickup.actuallyadditions.item_solidified_experience":2,"stat.mineBlock.minecraft.red_mushroom_block":8,"stat.pickup.minecraft.string":7,"stat.pickup.harvestcraft.turnipitem":1,"stat.useItem.minecraft.cooked_mutton":1,"stat.pickup.actuallyadditions.item_misc":10,"stat.sprintOneCm":1754,"stat.useItem.minecraft.stone_stairs":20,"stat.craftItem.minecraft.stick":68,"stat.useItem.minecraft.dark_oak_door":1,"stat.pickup.minecraft.stone_stairs":5,"stat.useItem.minecraft.wheat_seeds":26,"stat.mineBlock.minecraft.dark_oak_fence_gate":1,"stat.pickup.minecraft.egg":12,"stat.playOneMinute":316101,"stat.killEntity.Sheep":4,"stat.pickup.minecraft.slime_ball":5,"stat.mineBlock.actuallyadditions.block_wild":2,"stat.killEntity.Zombie":1,"stat.pickup.chisel.marble2":8,"stat.pickup.minecraft.netherrack":33,"stat.mineBlock.minecraft.tallgrass":42,"stat.diveOneCm":10947,"stat.pickup.minecraft.wheat":168,"stat.pickup.harvestcraft.cottonitem":1,"stat.chestOpened":124,"stat.pickup.harvestcraft.tomatoitem":2,"stat.craftItem.minecraft.sign":3,"stat.useItem.minecraft.stone":2,"stat.mineBlock.minecraft.netherrack":38,"stat.pickup.minecraft.gravel":61,"stat.pickup.minecraft.arrow":2,"stat.killEntity.Slime":5,"stat.useItem.minecraft.apple":4,"stat.mineBlock.appliedenergistics2.charged_quartz_ore":1,"stat.craftItem.minecraft.coal":5,"stat.jump":1462,"stat.pickup.minecraft.coal":71,"stat.fallOneCm":5353,"stat.pickup.minecraft.carrot":7,"stat.useItem.minecraft.stone_axe":228,"stat.craftItem.minecraft.bread":30,"stat.mineBlock.harvestcraft.shadedgarden":4,"stat.pickup.actuallyadditions.item_food":1,"stat.craftItem.minecraft.torch":74,"stat.craftItem.minecraft.iron_ingot":18,"stat.craftItem.minecraft.chest":1,"stat.pickup.minecraft.dirt":109,"stat.craftingTableInteraction":29,"stat.pickup.minecraft.iron_ore":95,"stat.pickup.actuallyadditions.item_flax_seed":1,"stat.pickup.actuallyadditions.item_coffee_seed":2,"stat.mineBlock.minecraft.leaves2":1,"stat.mineBlock.minecraft.log2":123,"stat.mineBlock.minecraft.stone_stairs":5,"stat.useItem.chisel.marble2":3,"stat.damageTaken":580,"stat.pickup.minecraft.feather":3,"stat.useItem.minecraft.dark_oak_fence":4,"stat.mineBlock.minecraft.torch":9,"stat.useItem.minecraft.wooden_pickaxe":58,"stat.useItem.minecraft.reeds":13,"stat.pickup.minecraft.log2":148,"stat.pickup.minecraft.planks":5,"stat.pickup.minecraft.reeds":19,"stat.pickup.chisel.limestone2":6,"stat.pickup.minecraft.wheat_seeds":162,"stat.craftItem.minecraft.dark_oak_fence_gate":2,"stat.mineBlock.minecraft.gravel":69,"stat.useItem.minecraft.stone_pickaxe":1267,"stat.useItem.minecraft.stone_sword":43,"stat.damageDealt":906,"stat.sleepInBed":2,"stat.pickup.actuallyadditions.item_canola_seed":4,"stat.mineBlock.minecraft.dirt":88,"stat.useItem.extratrees.hops":1,"stat.craftItem.minecraft.stone_shovel":1,"stat.walkOneCm":1572751,"stat.useItem.minecraft.torch":77,"stat.pickup.immersiveengineering.seed":2,"stat.useItem.minecraft.bread":5,"stat.animalsBred":4,"stat.craftItem.minecraft.stone_stairs":20,"stat.useItem.minecraft.log":6,"stat.pickup.minecraft.magma":8,"stat.useItem.minecraft.cobblestone":164,"stat.craftItem.minecraft.crafting_table":2,"stat.useItem.minecraft.gravel":16,"stat.mineBlock.minecraft.double_plant":1,"stat.pickup.minecraft.log":53,"stat.pickup.minecraft.stone":178,"stat.pickup.minecraft.chicken":2,"stat.pickup.minecraft.sapling":23,"stat.pickup.minecraft.apple":4,"stat.pickup.actuallyadditions.item_coffee_beans":8,"stat.useItem.minecraft.netherrack":6,"stat.killEntity.Skeleton":1,"stat.pickup.minecraft.beetroot":3,"stat.pickup.harvestcraft.parsnipitem":1,"stat.craftItem.minecraft.bucket":1,"stat.craftItem.minecraft.planks":68,"stat.killEntity.Chicken":2,"stat.pickup.harvestcraft.queenbeeitem":3,"stat.killEntity.Spider":1,"stat.mobKills":14,"stat.mineBlock.minecraft.log":57,"stat.mineBlock.minecraft.waterlily":1,"stat.useItem.minecraft.stone_hoe":16,"stat.useItem.minecraft.cobblestone_wall":82,"stat.mineBlock.minecraft.leaves":15,"stat.pickup.minecraft.beetroot_seeds":5,"stat.pickup.minecraft.torch":14,"stat.useItem.minecraft.beetroot_seeds":2,"stat.sneakTime":94,"stat.pickup.harvestcraft.tealeafitem":2,"stat.pickup.minecraft.wool":4,"stat.mineBlock.minecraft.cobblestone_wall":6,"stat.mineBlock.minecraft.stone":921,"stat.pickup.minecraft.dark_oak_fence_gate":1}