{"stat.pickup.tconstruct.book":1,"stat.drop.minecraft.stone_pickaxe":1,"stat.pickup.forestry.sapling":5,"stat.leaveGame":4,"stat.pickup.minecraft.stone_pickaxe":3,"stat.pickup.extrautils2.redorchid":2,"stat.pickup.minecraft.flint":2,"stat.mineBlock.actuallyadditions.block_misc":17,"stat.mineBlock.appliedenergistics2.quartz_ore":2,"stat.swimOneCm":10300,"stat.useItem.minecraft.planks":15,"stat.pickup.bigreactors.brore":7,"stat.mineBlock.gravestone.gravestone":1,"stat.useItem.minecraft.dirt":5,"stat.useItem.minecraft.stone_slab2":13,"stat.craftItem.minecraft.dark_oak_door":3,"stat.pickup.minecraft.rotten_flesh":3,"stat.craftItem.minecraft.dark_oak_fence":91,"stat.pickup.thermalfoundation.ore":22,"stat.useItem.minecraft.egg":8,"stat.craftItem.minecraft.stone_axe":1,"stat.craftItem.minecraft.stone_pickaxe":3,"stat.craftItem.minecraft.cooked_beef":1,"stat.pickup.minecraft.cobblestone":56,"stat.pickup.extratrees.hops":24,"stat.craftItem.minecraft.stone_sword":1,"stat.flyOneCm":1411,"stat.pickup.appliedenergistics2.material":3,"stat.pickup.minecraft.brown_mushroom":3,"stat.useItem.minecraft.cooked_beef":4,"stat.pickup.harvestcraft.scallionitem":1,"stat.pickup.minecraft.redstone":26,"stat.mineBlock.minecraft.iron_ore":52,"stat.timeSinceDeath":59383,"stat.useItem.minecraft.iron_pickaxe":33,"stat.craftItem.minecraft.wooden_pickaxe":1,"stat.pickup.integrateddynamics.on_the_dynamics_of_integration":3,"stat.pickup.harvestcraft.rhubarbitem":1,"stat.pickup.astralsorcery.itemjournal":2,"stat.pickup.minecraft.wooden_axe":3,"stat.mineBlock.minecraft.vine":1,"stat.mineBlock.thermalfoundation.ore":21,"stat.furnaceInteraction":9,"stat.mineBlock.botania.flower":2,"stat.mineBlock.minecraft.coal_ore":86,"stat.pickup.minecraft.beef":1,"stat.entityKilledBy.Skeleton":1,"stat.craftItem.minecraft.stone_slab2":0,"stat.sprintOneCm":799,"stat.pickup.actuallyadditions.item_misc":4,"stat.craftItem.minecraft.stick":188,"stat.craftItem.minecraft.wooden_axe":2,"stat.useItem.minecraft.dark_oak_door":1,"stat.useItem.minecraft.wheat_seeds":32,"stat.pickup.forestry.logs.0":10,"stat.pickup.botania.flower":2,"stat.mineBlock.minecraft.planks":1,"stat.deaths":1,"stat.drop":2,"stat.pickup.minecraft.egg":8,"stat.playOneMinute":178272,"stat.mineBlock.actuallyadditions.block_wild":4,"stat.killEntity.Zombie":2,"stat.mineBlock.minecraft.tallgrass":791,"stat.chestOpened":36,"stat.pickup.harvestcraft.tomatoitem":1,"stat.useItem.minecraft.stone":6,"stat.pickup.minecraft.gravel":8,"stat.pickup.minecraft.stone_axe":1,"stat.mineBlock.bigreactors.brore":7,"stat.drop.minecraft.iron_pickaxe":1,"stat.jump":529,"stat.pickup.minecraft.coal":115,"stat.fallOneCm":1585,"stat.pickup.actuallyadditions.block_black_lotus":1,"stat.mineBlock.harvestcraft.shadedgarden":1,"stat.craftItem.minecraft.chest":6,"stat.craftItem.minecraft.torch":276,"stat.pickup.minecraft.dirt":36,"stat.pickup.actuallyadditions.block_misc":17,"stat.craftingTableInteraction":21,"stat.pickup.minecraft.iron_ore":70,"stat.mineBlock.minecraft.lapis_ore":2,"stat.pickup.actuallyadditions.item_coffee_seed":2,"stat.mineBlock.minecraft.log2":89,"stat.pickup.minecraft.wooden_pickaxe":3,"stat.damageTaken":750,"stat.pickup.minecraft.leather":2,"stat.mineBlock.minecraft.red_flower":5,"stat.mineBlock.minecraft.torch":2,"stat.useItem.minecraft.wooden_pickaxe":7,"stat.pickup.minecraft.log2":87,"stat.pickup.theoneprobe.probenote":1,"stat.pickup.minecraft.dye":13,"stat.pickup.minecraft.planks":245,"stat.pickup.minecraft.wheat_seeds":45,"stat.mineBlock.minecraft.gravel":10,"stat.useItem.minecraft.stone_pickaxe":226,"stat.useItem.minecraft.stone_sword":455,"stat.damageDealt":773,"stat.craftItem.minecraft.glass":6,"stat.pickup.actuallyadditions.item_canola_seed":4,"stat.killEntity.Cow":1,"stat.mineBlock.minecraft.dirt":24,"stat.walkOneCm":898910,"stat.useItem.minecraft.torch":32,"stat.pickup.immersiveengineering.seed":17,"stat.pickup.minecraft.stick":5,"stat.mineBlock.actuallyadditions.block_black_lotus":1,"stat.useItem.minecraft.gravel":7,"stat.mineBlock.minecraft.double_plant":32,"stat.pickup.minecraft.log":12,"stat.pickup.minecraft.iron_pickaxe":2,"stat.pickup.minecraft.stone":39,"stat.pickup.minecraft.sapling":33,"stat.pickup.minecraft.cooked_beef":3,"stat.pickup.actuallyadditions.item_coffee_beans":6,"stat.craftItem.minecraft.planks":394,"stat.pickup.minecraft.stone_sword":1,"stat.mobKills":3,"stat.mineBlock.minecraft.log":12,"stat.mineBlock.minecraft.leaves":6,"stat.pickup.minecraft.torch":3,"stat.pickup.minecraft.red_flower":9,"stat.mineBlock.minecraft.redstone_ore":7,"stat.useItem.minecraft.wooden_axe":68,"stat.mineBlock.minecraft.stone":70,"stat.pickup.minecraft.chest":1}