{"stat.leaveGame":21,"stat.pickup.extrautils2.redorchid":1,"stat.pickup.bigreactors.brore":3,"stat.craftItem.minecraft.stone_pressure_plate":1,"stat.pickup.forestry.engine_electrical":3,"stat.mineBlock.gravestone.gravestone":3,"stat.useItem.actuallyadditions.item_rice_seed":7,"stat.pickup.minecraft.rotten_flesh":5,"stat.pickup.actuallyadditions.block_colored_lamp":3,"stat.pickup.minecraft.bucket":1,"stat.killEntity.Enderman":1,"stat.mineBlock.actuallyadditions.block_coal_generator":1,"stat.useItem.minecraft.iron_pickaxe":87,"stat.craftItem.minecraft.wooden_pickaxe":1,"stat.craftItem.minecraft.iron_door":3,"stat.pickup.harvestcraft.rhubarbitem":15,"stat.craftItem.minecraft.glass_pane":16,"stat.mineBlock.forestry.logs.0":11,"stat.mineBlock.minecraft.vine":2,"stat.mineBlock.chisel.marble2":2,"stat.pickup.thermalfoundation.material":9,"stat.useItem.actuallyadditions.item_coffee_seed":1,"stat.furnaceInteraction":92,"stat.mineBlock.forestry.logs.3":4,"stat.craftItem.ic2.te":3,"stat.killEntity.ZombieVillager":4,"stat.mineBlock.forestry.logs.5":12,"stat.pickup.minecraft.leather_helmet":4,"stat.useItem.minecraft.flint_and_steel":1,"stat.useItem.minecraft.wheat_seeds":113,"stat.useItem.minecraft.wooden_button":1,"stat.mineBlock.astralsorcery.blockmarble":3,"stat.mineBlock.enderstorage.ender_storage":6,"stat.pickup.minecraft.lever":5,"stat.deaths":3,"stat.pickup.minecraft.egg":30,"stat.craftItem.minecraft.iron_pickaxe":1,"stat.pickup.chisel.marble2":2,"stat.mineBlock.minecraft.tallgrass":306,"stat.chestOpened":634,"stat.pickup.thermalfoundation.wrench":1,"stat.useItem.ic2.cable":1,"stat.useItem.minecraft.stone":78,"stat.pickup.minecraft.arrow":4,"stat.pickup.minecraft.wooden_pressure_plate":1,"stat.killEntity.Ghast":1,"stat.useItem.minecraft.clay":1,"stat.craftItem.minecraft.coal":9,"stat.drop.minecraft.iron_pickaxe":1,"stat.pickup.chisel.basalt2":3,"stat.useItem.harvestcraft.mango_sapling":1,"stat.pickup.minecraft.carrot":8,"stat.crouchOneCm":19225,"stat.craftItem.ic2.cable":28,"stat.mineBlock.minecraft.chest":1,"stat.pickup.actuallyadditions.item_food":8,"stat.craftItem.minecraft.iron_ingot":74,"stat.craftingTableInteraction":121,"stat.drop.thermalfoundation.ore":6,"stat.mineBlock.minecraft.wooden_pressure_plate":1,"stat.pickup.minecraft.wooden_pickaxe":1,"stat.mineBlock.minecraft.log2":1,"stat.pickup.minecraft.dye":27,"stat.pickup.minecraft.planks":350,"stat.pickup.chisel.limestone2":4,"stat.pickup.minecraft.wheat_seeds":198,"stat.drop.integrateddynamics.on_the_dynamics_of_integration":1,"stat.mineBlock.minecraft.dirt":146,"stat.pickup.minecraft.poisonous_potato":2,"stat.pickup.immersiveengineering.seed":8,"stat.useItem.minecraft.bread":36,"stat.useItem.minecraft.cobblestone":177,"stat.pickup.minecraft.magma":40,"stat.useItem.minecraft.gravel":10,"stat.mineBlock.minecraft.double_plant":12,"stat.useItem.actuallyadditions.item_canola_seed":1,"stat.pickup.minecraft.iron_pickaxe":1,"stat.pickup.minecraft.apple":2,"stat.craftItem.minecraft.planks":112,"stat.pickup.minecraft.stone_sword":5,"stat.mineBlock.minecraft.log":67,"stat.mineBlock.minecraft.waterlily":1,"stat.craftItem.harvestcraft.mango_sapling":2,"stat.useItem.chisel.basalt2":2,"stat.craftItem.ic2.re_battery":1,"stat.craftItem.minecraft.paper":3,"stat.craftItem.thermalexpansion.frame":2,"stat.useItem.minecraft.wooden_axe":41,"stat.drop.astralsorcery.blockmarble":2,"stat.pickup.forestry.sapling":7,"stat.mineBlock.minecraft.cobblestone":40,"stat.pickup.minecraft.stone_pickaxe":8,"stat.pickup.minecraft.flint":2,"stat.craftItem.thermalexpansion.cell":1,"stat.mineBlock.appliedenergistics2.quartz_ore":7,"stat.useItem.harvestcraft.tomatoitem":8,"stat.useItem.minecraft.stone_slab2":138,"stat.pickup.minecraft.stone_hoe":2,"stat.craftItem.minecraft.furnace":4,"stat.pickup.thermalfoundation.ore":98,"stat.useItem.minecraft.egg":79,"stat.drop.theoneprobe.probenote":1,"stat.craftItem.minecraft.cooked_beef":4,"stat.mineBlock.minecraft.obsidian":8,"stat.mineBlock.actuallyadditions.block_colored_lamp_on":1,"stat.mineBlock.minecraft.clay":14,"stat.pickup.extratrees.hops":10,"stat.flyOneCm":12500,"stat.pickup.actuallyadditions.item_booklet":1,"stat.timeSinceDeath":188598,"stat.drop.minecraft.spider_eye":1,"stat.useItem.minecraft.iron_door":2,"stat.pickup.thermalexpansion.dynamo":5,"stat.useItem.minecraft.potato":8,"stat.pickup.thermaldynamics.duct_0":12,"stat.mineBlock.minecraft.coal_ore":108,"stat.killEntity.Creeper":4,"stat.pickup.extrautils2.ingredients":4,"stat.craftItem.minecraft.stone_hoe":2,"stat.talkedToVillager":6,"stat.pickup.minecraft.string":16,"stat.sprintOneCm":29813,"stat.pickup.immersiveengineering.tool":1,"stat.craftItem.minecraft.wooden_axe":1,"stat.mineBlock.biomesoplenty.grass":4,"stat.pickup.ic2.resource":1,"stat.useItem.enderstorage.ender_storage":1,"stat.mineBlock.minecraft.diamond_ore":15,"stat.craftItem.minecraft.wooden_pressure_plate":1,"stat.killEntity.Zombie":12,"stat.craftItem.minecraft.dye":6,"stat.mineBlock.minecraft.gold_ore":6,"stat.diveOneCm":4043,"stat.pickup.minecraft.wheat":166,"stat.mineBlock.immersiveengineering.metal_device0":1,"stat.mineBlock.immersiveengineering.metal_device1":10,"stat.craftItem.ic2.cutter":1,"stat.mineBlock.minecraft.stone_button":2,"stat.pickup.minecraft.stone_axe":5,"stat.pickup.harvestcraft.mangoitem":6,"stat.pickup.harvestcraft.figitem":4,"stat.mineBlock.bigreactors.brore":3,"stat.pickup.minecraft.obsidian":8,"stat.useItem.minecraft.rotten_flesh":1,"stat.craftItem.thermalexpansion.machine":1,"stat.jump":2943,"stat.pickup.minecraft.coal":123,"stat.craftItem.minecraft.lever":2,"stat.pickup.minecraft.gunpowder":2,"stat.craftItem.minecraft.torch":48,"stat.pickup.minecraft.dirt":280,"stat.useItem.minecraft.glass":1,"stat.pickup.minecraft.gold_ore":6,"stat.mineBlock.minecraft.lapis_ore":4,"stat.pickup.actuallyadditions.item_flax_seed":8,"stat.damageTaken":3738,"stat.mineBlock.minecraft.torch":47,"stat.mineBlock.minecraft.sapling":1,"stat.pickup.minecraft.log2":6,"stat.pickup.minecraft.potato":15,"stat.pickup.actuallyadditions.block_laser_relay":3,"stat.useItem.immersiveengineering.metal_device1":14,"stat.craftItem.extrautils2.wateringcan":1,"stat.useItem.minecraft.lava_bucket":12,"stat.useItem.actuallyadditions.item_worm":3,"stat.pickup.minecraft.ender_pearl":1,"stat.drop.minecraft.egg":2,"stat.craftItem.actuallyadditions.item_rice_seed":8,"stat.pickup.actuallyadditions.item_coffee_beans":25,"stat.useItem.minecraft.netherrack":3,"stat.pickup.ic2.cable":1,"stat.mineBlock.minecraft.glowstone":49,"stat.mineBlock.actuallyadditions.block_lamp_powerer":1,"stat.mobKills":59,"stat.mineBlock.actuallyadditions.block_fermenting_barrel":1,"stat.pickup.minecraft.diamond":15,"stat.pickup.minecraft.beetroot_seeds":16,"stat.pickup.minecraft.torch":501,"stat.pickup.astralsorcery.blockmarble":7,"stat.pickup.tconstruct.book":1,"stat.useItem.harvestcraft.rhubarbitem":3,"stat.useItem.minecraft.soul_sand":1,"stat.killEntity.Blaze":15,"stat.pickup.gravestone.death_info":4,"stat.useItem.minecraft.planks":123,"stat.pickup.minecraft.glowstone_dust":221,"stat.pickup.enderstorage.ender_storage":8,"stat.pickup.minecraft.glass":2,"stat.craftItem.immersiveengineering.metal_device0":1,"stat.craftItem.immersiveengineering.metal_device1":8,"stat.useItem.minecraft.water_bucket":58,"stat.craftItem.minecraft.stone_sword":2,"stat.mineBlock.biomesoplenty.ash_block":1,"stat.hopperInspected":2,"stat.pickup.thermalexpansion.cell":3,"stat.pickup.astralsorcery.itemjournal":2,"stat.pickup.actuallyadditions.item_worm":12,"stat.drop.gravestone.death_info":4,"stat.pickup.actuallyadditions.item_solidified_experience":13,"stat.craftItem.thermalfoundation.material":79,"stat.mineBlock.harvestcraft.windygarden":1,"stat.useItem.thermaldynamics.duct_0":14,"stat.useItem.minecraft.stone_stairs":59,"stat.pickup.minecraft.stone_stairs":1,"stat.useItem.immersiveengineering.seed":1,"stat.craftItem.immersiveengineering.material":1,"stat.mineBlock.minecraft.soul_sand":4,"stat.craftItem.forestry.engine_electrical":1,"stat.playOneMinute":678327,"stat.pickup.minecraft.blaze_rod":16,"stat.craftItem.harvestcraft.fig_sapling":1,"stat.mineBlock.actuallyadditions.block_wild":1,"stat.drop.minecraft.chest":1,"stat.pickup.minecraft.netherrack":111,"stat.pickup.harvestcraft.tomatoitem":30,"stat.mineBlock.minecraft.netherrack":108,"stat.mineBlock.forestry.engine_electrical":3,"stat.mineBlock.appliedenergistics2.charged_quartz_ore":2,"stat.craftItem.actuallyadditions.item_canola_seed":2,"stat.fallOneCm":20236,"stat.drop.minecraft.dye":3,"stat.craftItem.minecraft.chest":2,"stat.mineBlock.minecraft.lever":5,"stat.pickup.minecraft.red_mushroom":2,"stat.craftItem.chickenchunks.chunk_loader":1,"stat.pickup.thermalexpansion.device":2,"stat.mineBlock.ic2.resource":1,"stat.craftItem.minecraft.wooden_button":2,"stat.pickup.theoneprobe.probenote":2,"stat.mineBlock.minecraft.gravel":28,"stat.useItem.minecraft.stone_pickaxe":1011,"stat.useItem.minecraft.stone_sword":222,"stat.useItem.minecraft.torch":185,"stat.craftItem.minecraft.redstone_block":1,"stat.craftItem.minecraft.stone_stairs":64,"stat.pickup.minecraft.crafting_table":2,"stat.craftItem.minecraft.crafting_table":3,"stat.pickup.minecraft.log":102,"stat.craftItem.minecraft.stone_button":2,"stat.pickup.minecraft.sapling":29,"stat.pickup.forestry.fruits":55,"stat.entityKilledBy.Enderman":2,"stat.pickup.minecraft.beetroot":9,"stat.pickup.harvestcraft.parsnipitem":1,"stat.mineBlock.actuallyadditions.block_laser_relay":1,"stat.craftItem.thermaldynamics.duct_0":6,"stat.craftItem.minecraft.cooked_chicken":6,"stat.useItem.minecraft.stone_hoe":211,"stat.pickup.immersiveengineering.metal_device0":1,"stat.pickup.immersiveengineering.metal_device1":10,"stat.useItem.minecraft.beetroot_seeds":8,"stat.sneakTime":8472,"stat.pickup.ic2.sapling":1,"stat.useItem.minecraft.beetroot":1,"stat.pickup.minecraft.chest":3,"stat.craftItem.minecraft.enchanting_table":1,"stat.pickup.minecraft.bone":3,"stat.pickup.minecraft.redstone_torch":1,"stat.horseOneCm":9487,"stat.mineBlock.actuallyadditions.block_misc":13,"stat.mineBlock.minecraft.brown_mushroom":1,"stat.swimOneCm":30103,"stat.climbOneCm":1512,"stat.craftItem.ic2.fluid_cell":2,"stat.pickup.thermalexpansion.machine":4,"stat.useItem.minecraft.dirt":105,"stat.craftItem.forestry.planks.0":4,"stat.craftItem.minecraft.stone_pickaxe":8,"stat.mineBlock.minecraft.magma":42,"stat.pickup.minecraft.cobblestone":504,"stat.mineBlock.chisel.limestone2":4,"stat.pickup.minecraft.soul_sand":4,"stat.pickup.appliedenergistics2.material":14,"stat.useItem.minecraft.cooked_beef":2,"stat.pickup.minecraft.redstone":104,"stat.mineBlock.minecraft.iron_ore":78,"stat.craftItem.minecraft.book":1,"stat.pickup.integrateddynamics.on_the_dynamics_of_integration":5,"stat.pickup.actuallyadditions.item_rice_seed":9,"stat.pickup.actuallyadditions.block_lamp_powerer":3,"stat.pickup.minecraft.wooden_axe":1,"stat.mineBlock.thermalfoundation.ore":98,"stat.useItem.astralsorcery.blockmarble":3,"stat.craftItem.minecraft.brick_block":2,"stat.craftItem.ic2.casing":16,"stat.craftItem.minecraft.stone_slab2":0,"stat.pickup.actuallyadditions.item_misc":32,"stat.craftItem.minecraft.stick":60,"stat.pickup.biomesoplenty.ash":4,"stat.craftItem.thermalexpansion.dynamo":1,"stat.craftItem.minecraft.stone":11,"stat.pickup.minecraft.grass":3,"stat.mineBlock.minecraft.crafting_table":2,"stat.pickup.forestry.logs.3":6,"stat.useItem.minecraft.diamond_pickaxe":9,"stat.mineBlock.minecraft.quartz_block":1,"stat.useItem.minecraft.carrot":7,"stat.pickup.forestry.logs.0":11,"stat.pickup.forestry.logs.5":12,"stat.pickup.botania.flower":1,"stat.mineBlock.minecraft.planks":43,"stat.drop":32,"stat.pickup.minecraft.stone_button":2,"stat.pickup.minecraft.slime_ball":7,"stat.craftItem.minecraft.diamond_pickaxe":1,"stat.mineBlock.forestry.leaves.default.0":6,"stat.drop.minecraft.bread":7,"stat.mineBlock.forestry.leaves.default.1":44,"stat.mineBlock.forestry.leaves.default.2":24,"stat.craftItem.minecraft.clay":2,"stat.craftItem.minecraft.piston":2,"stat.useItem.thermalfoundation.wrench":57,"stat.pickup.minecraft.gravel":74,"stat.drop.minecraft.cooked_beef":2,"stat.killEntity.Slime":13,"stat.useItem.minecraft.apple":1,"stat.craftItem.ic2.forge_hammer":1,"stat.useItem.minecraft.stone_axe":132,"stat.craftItem.minecraft.bread":36,"stat.pickup.minecraft.spider_eye":2,"stat.pickup.actuallyadditions.block_misc":13,"stat.useItem.minecraft.cooked_chicken":6,"stat.pickup.minecraft.iron_ore":78,"stat.craftItem.minecraft.flint_and_steel":1,"stat.pickup.actuallyadditions.item_coffee_seed":9,"stat.mineBlock.minecraft.leaves2":1,"stat.mineBlock.minecraft.stone_stairs":1,"stat.pickup.minecraft.leather":6,"stat.useItem.minecraft.wooden_pickaxe":34,"stat.damageDealt":8776,"stat.craftItem.minecraft.glass":20,"stat.craftItem.minecraft.bowl":4,"stat.sleepInBed":2,"stat.pickup.actuallyadditions.item_canola_seed":12,"stat.useItem.extratrees.hops":4,"stat.walkOneCm":3153564,"stat.playerKills":1,"stat.mineBlock.ic2.te":1,"stat.pickup.minecraft.stick":39,"stat.pickup.minecraft.clay_ball":56,"stat.mineBlock.chisel.basalt2":3,"stat.pickup.minecraft.stone":120,"stat.pickup.biomesoplenty.fleshchunk":26,"stat.mineBlock.thermalfoundation.ore_fluid":1,"stat.killEntity.Skeleton":3,"stat.craftItem.ic2.crafting":15,"stat.killEntity.Chicken":5,"stat.mineBlock.minecraft.redstone_torch":1,"stat.mineBlock.biomesoplenty.flesh":22,"stat.pickup.minecraft.bread":8,"stat.craftItem.ic2.resource":2,"stat.mineBlock.minecraft.leaves":36,"stat.mineBlock.minecraft.redstone_ore":24,"stat.craftItem.minecraft.brick":8,"stat.mineBlock.minecraft.stone":468,"stat.drop.tconstruct.book":1}