{"stat.pickup.minecraft.bone":1,"stat.leaveGame":6,"stat.mineBlock.minecraft.cobblestone":2,"stat.pickup.minecraft.flint":2,"stat.mineBlock.appliedenergistics2.quartz_ore":1,"stat.swimOneCm":14118,"stat.climbOneCm":170,"stat.useItem.minecraft.dirt":33,"stat.useItem.harvestcraft.tomatoitem":1,"stat.useItem.minecraft.stone_slab2":17,"stat.useItem.minecraft.water_bucket":4,"stat.craftItem.forestry.planks.0":8,"stat.pickup.thermalfoundation.ore":38,"stat.useItem.minecraft.egg":9,"stat.craftItem.minecraft.stone_axe":1,"stat.pickup.minecraft.cobblestone_wall":6,"stat.pickup.minecraft.bucket":1,"stat.craftItem.minecraft.stone_pickaxe":3,"stat.mineBlock.minecraft.magma":8,"stat.pickup.minecraft.cobblestone":278,"stat.craftItem.minecraft.cobblestone_wall":84,"stat.mineBlock.chisel.limestone2":3,"stat.pickup.extratrees.hops":5,"stat.useItem.minecraft.stone_shovel":14,"stat.craftItem.minecraft.stone_sword":1,"stat.flyOneCm":3113,"stat.pickup.appliedenergistics2.material":3,"stat.pickup.minecraft.brown_mushroom":2,"stat.pickup.harvestcraft.scallionitem":2,"stat.mineBlock.minecraft.iron_ore":10,"stat.timeSinceDeath":148553,"stat.hopperInspected":1,"stat.pickup.integrateddynamics.on_the_dynamics_of_integration":1,"stat.craftItem.minecraft.wooden_pickaxe":1,"stat.pickup.harvestcraft.rhubarbitem":2,"stat.pickup.harvestcraft.whitemushroomitem":1,"stat.pickup.harvestcraft.beanitem":2,"stat.pickup.minecraft.dark_oak_door":1,"stat.mineBlock.chisel.marble2":2,"stat.mineBlock.thermalfoundation.ore":38,"stat.furnaceInteraction":3,"stat.mineBlock.minecraft.coal_ore":1,"stat.mineBlock.minecraft.red_mushroom_block":8,"stat.pickup.minecraft.string":2,"stat.pickup.harvestcraft.turnipitem":1,"stat.useItem.minecraft.cooked_mutton":1,"stat.pickup.actuallyadditions.item_misc":6,"stat.sprintOneCm":653,"stat.craftItem.minecraft.stick":24,"stat.useItem.minecraft.wheat_seeds":26,"stat.mineBlock.minecraft.dark_oak_fence_gate":1,"stat.pickup.minecraft.egg":10,"stat.playOneMinute":148553,"stat.mineBlock.actuallyadditions.block_wild":2,"stat.pickup.chisel.marble2":2,"stat.pickup.minecraft.netherrack":33,"stat.mineBlock.minecraft.tallgrass":32,"stat.diveOneCm":287,"stat.pickup.minecraft.wheat":168,"stat.pickup.harvestcraft.cottonitem":1,"stat.chestOpened":84,"stat.pickup.harvestcraft.tomatoitem":2,"stat.mineBlock.minecraft.netherrack":38,"stat.pickup.minecraft.gravel":26,"stat.pickup.minecraft.arrow":2,"stat.useItem.minecraft.apple":1,"stat.mineBlock.appliedenergistics2.charged_quartz_ore":1,"stat.jump":697,"stat.pickup.minecraft.coal":1,"stat.fallOneCm":1854,"stat.pickup.minecraft.carrot":7,"stat.useItem.minecraft.stone_axe":166,"stat.craftItem.minecraft.bread":27,"stat.mineBlock.harvestcraft.shadedgarden":4,"stat.craftItem.minecraft.torch":34,"stat.craftItem.minecraft.iron_ingot":18,"stat.pickup.minecraft.dirt":46,"stat.craftingTableInteraction":16,"stat.pickup.minecraft.iron_ore":10,"stat.pickup.actuallyadditions.item_coffee_seed":2,"stat.mineBlock.minecraft.leaves2":1,"stat.mineBlock.minecraft.log2":77,"stat.damageTaken":355,"stat.pickup.minecraft.feather":3,"stat.mineBlock.minecraft.torch":5,"stat.useItem.minecraft.wooden_pickaxe":58,"stat.useItem.minecraft.reeds":13,"stat.pickup.minecraft.log2":72,"stat.pickup.minecraft.planks":5,"stat.pickup.minecraft.reeds":19,"stat.pickup.chisel.limestone2":3,"stat.pickup.minecraft.wheat_seeds":161,"stat.mineBlock.minecraft.gravel":28,"stat.useItem.minecraft.stone_pickaxe":368,"stat.useItem.minecraft.stone_sword":19,"stat.damageDealt":326,"stat.sleepInBed":2,"stat.pickup.actuallyadditions.item_canola_seed":3,"stat.mineBlock.minecraft.dirt":24,"stat.useItem.extratrees.hops":1,"stat.craftItem.minecraft.stone_shovel":1,"stat.walkOneCm":787955,"stat.useItem.minecraft.torch":27,"stat.pickup.immersiveengineering.seed":2,"stat.useItem.minecraft.bread":3,"stat.useItem.minecraft.log":6,"stat.pickup.minecraft.magma":8,"stat.useItem.minecraft.cobblestone":38,"stat.pickup.minecraft.log":39,"stat.pickup.minecraft.stone":34,"stat.pickup.minecraft.chicken":2,"stat.pickup.minecraft.sapling":10,"stat.pickup.minecraft.apple":1,"stat.pickup.actuallyadditions.item_coffee_beans":8,"stat.useItem.minecraft.netherrack":6,"stat.killEntity.Skeleton":1,"stat.pickup.minecraft.beetroot":3,"stat.pickup.harvestcraft.parsnipitem":1,"stat.craftItem.minecraft.bucket":1,"stat.craftItem.minecraft.planks":4,"stat.killEntity.Chicken":2,"stat.pickup.harvestcraft.queenbeeitem":2,"stat.killEntity.Spider":1,"stat.mobKills":4,"stat.mineBlock.minecraft.log":43,"stat.useItem.minecraft.stone_hoe":16,"stat.useItem.minecraft.cobblestone_wall":82,"stat.mineBlock.minecraft.leaves":11,"stat.pickup.minecraft.beetroot_seeds":5,"stat.pickup.minecraft.torch":7,"stat.useItem.minecraft.beetroot_seeds":2,"stat.sneakTime":70,"stat.pickup.harvestcraft.tealeafitem":2,"stat.mineBlock.minecraft.cobblestone_wall":6,"stat.mineBlock.minecraft.stone":310,"stat.pickup.minecraft.dark_oak_fence_gate":1}