{"stat.pickup.tconstruct.book":1,"stat.mineBlock.extratrees.leaves.default.19":2,"stat.leaveGame":6,"stat.craftItem.minecraft.iron_axe":1,"stat.pickup.gravestone.death_info":1,"stat.useItem.minecraft.planks":7,"stat.mineBlock.gravestone.gravestone":2,"stat.useItem.minecraft.water_bucket":12,"stat.craftItem.minecraft.dark_oak_fence":3,"stat.craftItem.minecraft.stone_axe":1,"stat.pickup.minecraft.cobblestone_wall":1,"stat.craftItem.minecraft.cobblestone_wall":192,"stat.craftItem.minecraft.iron_shovel":2,"stat.pickup.minecraft.brown_mushroom":3,"stat.pickup.harvestcraft.scallionitem":20,"stat.hopperInspected":30,"stat.useItem.minecraft.iron_pickaxe":751,"stat.craftItem.minecraft.wooden_pickaxe":1,"stat.useItem.minecraft.iron_shovel":353,"stat.pickup.harvestcraft.rhubarbitem":6,"stat.pickup.astralsorcery.itemjournal":1,"stat.drop.gravestone.death_info":1,"stat.pickup.actuallyadditions.item_worm":15,"stat.pickup.harvestcraft.onionitem":13,"stat.mineBlock.minecraft.hopper":3,"stat.mineBlock.chisel.marble2":3,"stat.furnaceInteraction":17,"stat.pickup.harvestcraft.cornitem":56,"stat.pickup.actuallyadditions.item_solidified_experience":2,"stat.craftItem.thermalfoundation.material":12,"stat.pickup.harvestcraft.turnipitem":4,"stat.useItem.minecraft.stone_stairs":110,"stat.pickup.minecraft.stone_stairs":4,"stat.useItem.minecraft.flint_and_steel":15,"stat.useItem.minecraft.wheat_seeds":157,"stat.useItem.minecraft.hopper":6,"stat.deaths":2,"stat.pickup.minecraft.egg":54,"stat.playOneMinute":255245,"stat.craftItem.minecraft.iron_pickaxe":3,"stat.pickup.chisel.marble2":3,"stat.mineBlock.minecraft.tallgrass":27,"stat.chestOpened":305,"stat.pickup.harvestcraft.tomatoitem":47,"stat.pickup.minecraft.iron_sword":1,"stat.pickup.minecraft.waterlily":5,"stat.craftItem.minecraft.coal":16,"stat.craftItem.minecraft.iron_hoe":1,"stat.fallOneCm":12016,"stat.pickup.minecraft.carrot":55,"stat.crouchOneCm":6834,"stat.mineBlock.minecraft.chest":1,"stat.pickup.actuallyadditions.item_food":53,"stat.craftItem.minecraft.chest":8,"stat.craftItem.minecraft.iron_ingot":27,"stat.useItem.minecraft.iron_hoe":161,"stat.craftItem.minecraft.hopper":4,"stat.craftingTableInteraction":38,"stat.mineBlock.minecraft.log2":145,"stat.pickup.minecraft.wooden_pickaxe":1,"stat.useItem.minecraft.dark_oak_fence":2,"stat.pickup.minecraft.feather":5,"stat.useItem.minecraft.reeds":9,"stat.pickup.theoneprobe.probenote":1,"stat.pickup.minecraft.planks":101,"stat.pickup.chisel.limestone2":6,"stat.pickup.minecraft.wheat_seeds":332,"stat.mineBlock.minecraft.gravel":34,"stat.useItem.minecraft.stone_pickaxe":330,"stat.mineBlock.minecraft.dirt":659,"stat.pickup.minecraft.poisonous_potato":1,"stat.craftItem.minecraft.leather":5,"stat.pickup.minecraft.flint_and_steel":1,"stat.useItem.minecraft.bread":7,"stat.useItem.minecraft.torch":89,"stat.pickup.immersiveengineering.seed":1,"stat.craftItem.minecraft.stone_stairs":140,"stat.pickup.minecraft.crafting_table":1,"stat.useItem.minecraft.cobblestone":36,"stat.craftItem.minecraft.crafting_table":4,"stat.useItem.minecraft.gravel":1,"stat.mineBlock.minecraft.double_plant":1,"stat.pickup.minecraft.log":69,"stat.pickup.minecraft.hopper":6,"stat.pickup.minecraft.chicken":4,"stat.pickup.minecraft.sapling":90,"stat.pickup.minecraft.apple":6,"stat.pickup.minecraft.beetroot":15,"stat.pickup.harvestcraft.parsnipitem":14,"stat.craftItem.minecraft.bucket":1,"stat.craftItem.minecraft.planks":312,"stat.useItem.minecraft.iron_sword":74,"stat.useItem.minecraft.wooden_pressure_plate":3,"stat.mineBlock.minecraft.log":58,"stat.craftItem.minecraft.cooked_chicken":4,"stat.mineBlock.minecraft.waterlily":5,"stat.useItem.minecraft.stone_hoe":2,"stat.pickup.minecraft.red_flower":2,"stat.sneakTime":4617,"stat.pickup.minecraft.wool":1,"stat.useItem.minecraft.wooden_axe":59,"stat.pickup.minecraft.chest":2,"stat.pickup.minecraft.bone":3,"stat.pickup.forestry.sapling":5,"stat.useItem.minecraft.iron_axe":129,"stat.useItem.minecraft.log2":3,"stat.mineBlock.minecraft.cobblestone":4,"stat.pickup.minecraft.stone_pickaxe":2,"stat.pickup.minecraft.flint":1,"stat.swimOneCm":17128,"stat.climbOneCm":525,"stat.useItem.minecraft.dirt":387,"stat.useItem.minecraft.stone_slab2":45,"stat.pickup.thermalfoundation.ore":61,"stat.useItem.minecraft.egg":563,"stat.craftItem.minecraft.stone_pickaxe":3,"stat.pickup.minecraft.cobblestone":886,"stat.pickup.extratrees.hops":23,"stat.mineBlock.chisel.limestone2":4,"stat.useItem.minecraft.stone_shovel":262,"stat.flyOneCm":57705,"stat.pickup.minecraft.redstone":118,"stat.mineBlock.minecraft.iron_ore":34,"stat.timeSinceDeath":165514,"stat.useItem.minecraft.sign":1,"stat.pickup.integrateddynamics.on_the_dynamics_of_integration":4,"stat.pickup.actuallyadditions.item_rice_seed":20,"stat.pickup.harvestcraft.beanitem":9,"stat.pickup.minecraft.wooden_axe":1,"stat.mineBlock.thermalfoundation.ore":61,"stat.pickup.minecraft.iron_shovel":1,"stat.mineBlock.minecraft.coal_ore":39,"stat.craftItem.minecraft.stone_hoe":1,"stat.talkedToVillager":8,"stat.pickup.minecraft.string":33,"stat.craftItem.minecraft.stone_slab2":0,"stat.sprintOneCm":190021,"stat.pickup.actuallyadditions.item_misc":8,"stat.craftItem.minecraft.wooden_axe":1,"stat.craftItem.minecraft.stick":24,"stat.mineBlock.minecraft.crafting_table":1,"stat.useItem.minecraft.carrot":1,"stat.craftItem.minecraft.wooden_pressure_plate":5,"stat.entityKilledBy.Creeper":1,"stat.mineBlock.minecraft.planks":1,"stat.drop":1,"stat.killEntity.Zombie":1,"stat.diveOneCm":10311,"stat.pickup.minecraft.wheat":452,"stat.pickup.minecraft.gravel":33,"stat.useItem.minecraft.waterlily":4,"stat.useItem.minecraft.apple":3,"stat.jump":995,"stat.pickup.minecraft.coal":39,"stat.useItem.minecraft.stone_axe":26,"stat.craftItem.minecraft.bread":71,"stat.pickup.harvestcraft.peanutitem":39,"stat.craftItem.minecraft.torch":132,"stat.pickup.minecraft.dirt":832,"stat.useItem.minecraft.cooked_chicken":1,"stat.pickup.minecraft.iron_ore":34,"stat.useItem.minecraft.glass":1,"stat.useItem.minecraft.sapling":40,"stat.craftItem.minecraft.flint_and_steel":1,"stat.pickup.actuallyadditions.item_flax_seed":7,"stat.pickup.actuallyadditions.item_coffee_seed":7,"stat.pickup.minecraft.iron_axe":1,"stat.mineBlock.minecraft.leaves2":14,"stat.mineBlock.minecraft.stone_stairs":4,"stat.damageTaken":930,"stat.mineBlock.minecraft.torch":5,"stat.pickup.minecraft.dark_oak_fence":1,"stat.mineBlock.minecraft.sapling":4,"stat.pickup.minecraft.log2":219,"stat.pickup.minecraft.reeds":29,"stat.pickup.minecraft.potato":49,"stat.entityKilledBy.Zombie":1,"stat.damageDealt":1399,"stat.craftItem.minecraft.glass":2,"stat.sleepInBed":16,"stat.craftItem.minecraft.baked_potato":35,"stat.pickup.harvestcraft.lettuceitem":14,"stat.craftItem.minecraft.iron_sword":1,"stat.craftItem.minecraft.stone_shovel":2,"stat.walkOneCm":1308095,"stat.animalsBred":8,"stat.useItem.minecraft.chest":2,"stat.pickup.minecraft.stick":51,"stat.pickup.minecraft.stone":94,"stat.pickup.actuallyadditions.item_coffee_beans":21,"stat.killEntity.Skeleton":1,"stat.killEntity.Chicken":22,"stat.killEntity.Spider":1,"stat.pickup.minecraft.bread":14,"stat.mobKills":55,"stat.useItem.minecraft.cobblestone_wall":2,"stat.mineBlock.minecraft.leaves":32,"stat.pickup.minecraft.beetroot_seeds":20,"stat.pickup.minecraft.torch":8,"stat.mineBlock.minecraft.stone":914,"stat.pickup.minecraft.dark_oak_fence_gate":1}