{"stat.leaveGame":17,"stat.mineBlock.ic2.rubber_wood":25,"stat.killEntity.PigZombie":1,"stat.useItem.minecraft.planks":21,"stat.pickup.enderstorage.ender_storage":2,"stat.mineBlock.gravestone.gravestone":1,"stat.useItem.minecraft.water_bucket":4,"stat.pickup.minecraft.rotten_flesh":2,"stat.pickup.minecraft.sand":2,"stat.craftItem.minecraft.dark_oak_fence":6,"stat.craftItem.minecraft.stone_axe":2,"stat.pickup.minecraft.cobblestone_wall":6,"stat.pickup.minecraft.bucket":1,"stat.craftItem.minecraft.cobblestone_wall":84,"stat.craftItem.minecraft.stone_sword":2,"stat.pickup.minecraft.brown_mushroom":2,"stat.pickup.harvestcraft.scallionitem":2,"stat.hopperInspected":2,"stat.craftItem.minecraft.wooden_pickaxe":1,"stat.pickup.harvestcraft.rhubarbitem":2,"stat.mineBlock.chisel.marble2":10,"stat.mineBlock.minecraft.vine":11,"stat.furnaceInteraction":4,"stat.pickup.minecraft.wooden_button":1,"stat.pickup.actuallyadditions.item_solidified_experience":3,"stat.drop.minecraft.red_flower":2,"stat.pickup.harvestcraft.turnipitem":1,"stat.useItem.minecraft.cooked_mutton":2,"stat.mineBlock.minecraft.wooden_button":2,"stat.useItem.minecraft.stone_stairs":33,"stat.useItem.minecraft.dark_oak_door":1,"stat.pickup.minecraft.stone_stairs":8,"stat.useItem.ic2.sapling":6,"stat.useItem.minecraft.wheat_seeds":26,"stat.mineBlock.minecraft.dark_oak_fence_gate":1,"stat.pickup.ic2.misc_resource":2,"stat.mineBlock.ic2.leaves":24,"stat.pickup.minecraft.lever":1,"stat.pickup.minecraft.egg":13,"stat.playOneMinute":490342,"stat.craftItem.minecraft.iron_pickaxe":1,"stat.mineBlock.actuallyadditions.block_wild":2,"stat.pickup.chisel.marble2":12,"stat.pickup.minecraft.netherrack":43,"stat.mineBlock.minecraft.tallgrass":63,"stat.pickup.harvestcraft.cottonitem":1,"stat.chestOpened":193,"stat.pickup.harvestcraft.tomatoitem":2,"stat.craftItem.minecraft.sign":3,"stat.useItem.minecraft.stone":2,"stat.mineBlock.minecraft.netherrack":38,"stat.pickup.minecraft.arrow":4,"stat.pickup.minecraft.waterlily":1,"stat.mineBlock.appliedenergistics2.charged_quartz_ore":1,"stat.craftItem.minecraft.coal":5,"stat.fallOneCm":10179,"stat.pickup.minecraft.carrot":12,"stat.crouchOneCm":56,"stat.pickup.actuallyadditions.item_food":1,"stat.craftItem.minecraft.iron_ingot":18,"stat.craftItem.minecraft.chest":2,"stat.mineBlock.minecraft.lever":2,"stat.craftingTableInteraction":38,"stat.mineBlock.minecraft.log2":123,"stat.useItem.chisel.marble2":3,"stat.pickup.minecraft.feather":3,"stat.useItem.minecraft.dark_oak_fence":4,"stat.drop.minecraft.bone":1,"stat.craftItem.minecraft.wooden_button":1,"stat.useItem.minecraft.reeds":13,"stat.pickup.minecraft.planks":7,"stat.pickup.chisel.limestone2":9,"stat.pickup.minecraft.wheat_seeds":170,"stat.craftItem.minecraft.dark_oak_fence_gate":2,"stat.mineBlock.minecraft.gravel":70,"stat.useItem.minecraft.stone_pickaxe":1631,"stat.useItem.minecraft.stone_sword":98,"stat.mineBlock.minecraft.dirt":140,"stat.useItem.minecraft.torch":136,"stat.pickup.immersiveengineering.seed":2,"stat.useItem.minecraft.bread":6,"stat.craftItem.minecraft.stone_stairs":36,"stat.useItem.minecraft.log":6,"stat.pickup.minecraft.crafting_table":4,"stat.pickup.minecraft.magma":8,"stat.useItem.minecraft.cobblestone":274,"stat.craftItem.minecraft.crafting_table":3,"stat.useItem.minecraft.gravel":16,"stat.mineBlock.minecraft.double_plant":1,"stat.pickup.minecraft.log":73,"stat.pickup.minecraft.chicken":2,"stat.pickup.minecraft.sapling":34,"stat.pickup.minecraft.apple":4,"stat.pickup.minecraft.beetroot":3,"stat.pickup.harvestcraft.parsnipitem":1,"stat.craftItem.minecraft.bucket":1,"stat.craftItem.minecraft.planks":180,"stat.pickup.minecraft.stone_sword":1,"stat.mineBlock.minecraft.log":57,"stat.mineBlock.minecraft.waterlily":3,"stat.useItem.minecraft.stone_hoe":16,"stat.pickup.minecraft.iron_door":1,"stat.pickup.immersiveengineering.metal_device0":1,"stat.pickup.immersiveengineering.metal_device1":3,"stat.useItem.minecraft.beetroot_seeds":2,"stat.pickup.minecraft.red_flower":2,"stat.sneakTime":243,"stat.pickup.harvestcraft.tealeafitem":2,"stat.pickup.minecraft.wool":4,"stat.mineBlock.minecraft.cobblestone_wall":6,"stat.pickup.ic2.sapling":7,"stat.drop.minecraft.stone_pickaxe":2,"stat.pickup.minecraft.bone":3,"stat.mineBlock.minecraft.cobblestone":116,"stat.pickup.minecraft.stone_pickaxe":2,"stat.pickup.minecraft.flint":7,"stat.mineBlock.appliedenergistics2.quartz_ore":5,"stat.swimOneCm":74138,"stat.climbOneCm":6811,"stat.ae2.ItemsExtracted":3,"stat.useItem.minecraft.dirt":134,"stat.useItem.harvestcraft.tomatoitem":1,"stat.useItem.minecraft.stone_slab2":58,"stat.craftItem.minecraft.dark_oak_door":3,"stat.craftItem.minecraft.furnace":1,"stat.craftItem.forestry.planks.0":32,"stat.pickup.thermalfoundation.ore":189,"stat.useItem.minecraft.egg":11,"stat.craftItem.minecraft.stone_pickaxe":12,"stat.mineBlock.minecraft.magma":8,"stat.pickup.minecraft.cobblestone":957,"stat.mineBlock.chisel.limestone2":9,"stat.pickup.extratrees.hops":5,"stat.useItem.minecraft.stone_shovel":130,"stat.flyOneCm":7378,"stat.pickup.appliedenergistics2.material":10,"stat.useItem.forestry.planks.0":9,"stat.pickup.forestry.stump":3,"stat.drop.minecraft.wheat_seeds":6,"stat.useItem.minecraft.cooked_beef":3,"stat.mineBlock.minecraft.iron_ore":120,"stat.timeSinceDeath":490342,"stat.useItem.minecraft.sign":2,"stat.pickup.integrateddynamics.on_the_dynamics_of_integration":1,"stat.pickup.minecraft.mutton":7,"stat.pickup.thermalexpansion.dynamo":1,"stat.pickup.harvestcraft.whitemushroomitem":1,"stat.pickup.harvestcraft.beanitem":2,"stat.pickup.minecraft.dark_oak_door":1,"stat.mineBlock.thermalfoundation.ore":184,"stat.mineBlock.minecraft.coal_ore":118,"stat.talkedToVillager":2,"stat.mineBlock.minecraft.red_mushroom_block":8,"stat.pickup.minecraft.string":9,"stat.ae2.ItemsInserted":521,"stat.pickup.actuallyadditions.item_misc":10,"stat.sprintOneCm":2480,"stat.craftItem.minecraft.stick":96,"stat.mineBlock.minecraft.crafting_table":3,"stat.useItem.minecraft.carrot":2,"stat.mineBlock.minecraft.planks":1,"stat.drop":15,"stat.mineBlock.forestry.leaves.default.3":1,"stat.killEntity.Sheep":4,"stat.pickup.minecraft.slime_ball":5,"stat.killEntity.Zombie":3,"stat.diveOneCm":13459,"stat.pickup.minecraft.wheat":204,"stat.pickup.minecraft.sign":1,"stat.pickup.minecraft.gravel":63,"stat.killEntity.Slime":5,"stat.pickup.minecraft.stone_axe":1,"stat.useItem.minecraft.apple":4,"stat.jump":2301,"stat.pickup.minecraft.coal":129,"stat.craftItem.minecraft.lever":1,"stat.useItem.minecraft.stone_axe":277,"stat.craftItem.minecraft.bread":30,"stat.mineBlock.harvestcraft.shadedgarden":4,"stat.craftItem.minecraft.torch":142,"stat.pickup.minecraft.dirt":225,"stat.pickup.minecraft.iron_ore":121,"stat.pickup.minecraft.stone_shovel":1,"stat.pickup.actuallyadditions.item_flax_seed":1,"stat.pickup.actuallyadditions.item_coffee_seed":2,"stat.mineBlock.minecraft.leaves2":1,"stat.mineBlock.minecraft.stone_stairs":8,"stat.damageTaken":1110,"stat.mineBlock.minecraft.torch":18,"stat.useItem.minecraft.wooden_pickaxe":58,"stat.drop.minecraft.water_bucket":1,"stat.pickup.minecraft.log2":148,"stat.pickup.ic2.rubber_wood":25,"stat.pickup.minecraft.reeds":19,"stat.damageDealt":1705,"stat.pickup.chickenchunks.chunk_loader":1,"stat.sleepInBed":4,"stat.pickup.actuallyadditions.item_canola_seed":5,"stat.useItem.minecraft.crafting_table":1,"stat.useItem.extratrees.hops":1,"stat.craftItem.minecraft.stone_shovel":3,"stat.walkOneCm":2415370,"stat.animalsBred":8,"stat.pickup.minecraft.stick":15,"stat.pickup.minecraft.stone":230,"stat.pickup.ic2.treetap":2,"stat.pickup.actuallyadditions.item_coffee_beans":8,"stat.useItem.minecraft.netherrack":6,"stat.killEntity.Skeleton":2,"stat.pickup.forestry.apatite":80,"stat.drop.minecraft.lever":1,"stat.killEntity.Chicken":2,"stat.pickup.harvestcraft.queenbeeitem":4,"stat.killEntity.Spider":2,"stat.pickup.minecraft.bread":2,"stat.mineBlock.forestry.resources":23,"stat.mobKills":19,"stat.useItem.minecraft.cobblestone_wall":82,"stat.mineBlock.minecraft.leaves":15,"stat.pickup.minecraft.beetroot_seeds":5,"stat.pickup.minecraft.torch":26,"stat.drop.minecraft.stone_axe":1,"stat.mineBlock.minecraft.stone":1024,"stat.pickup.minecraft.dark_oak_fence_gate":1,"stat.drop.enderstorage.ender_storage":1}