{"stat.pickup.tconstruct.book":1,"stat.pickup.minecraft.bone":2,"stat.drop.minecraft.beetroot":5,"stat.leaveGame":12,"stat.mineBlock.forestry.leaves":1,"stat.mineBlock.minecraft.cobblestone":4,"stat.mineBlock.minecraft.pumpkin":1,"stat.pickup.minecraft.stone_pickaxe":1,"stat.mineBlock.actuallyadditions.block_misc":1,"stat.pickup.astralsorcery.itemconstellationpaper":1,"stat.pickup.gravestone.death_info":1,"stat.pickup.minecraft.dark_oak_boat":2,"stat.swimOneCm":26819,"stat.climbOneCm":1776,"stat.pickup.minecraft.glowstone_dust":4,"stat.mineBlock.gravestone.gravestone":1,"stat.useItem.minecraft.stone_slab2":11,"stat.mineBlock.astralsorcery.blockcustomflower":4,"stat.pickup.thermalfoundation.ore":13,"stat.entityKilledBy.Spider":1,"stat.useItem.minecraft.egg":41,"stat.craftItem.minecraft.stone_axe":2,"stat.mineBlock.harvestcraft.pamfig":4,"stat.pickup.minecraft.cobblestone_wall":1,"stat.craftItem.minecraft.stone_pickaxe":1,"stat.pickup.minecraft.cobblestone":118,"stat.mineBlock.harvestcraft.pamalmond":8,"stat.pickup.extratrees.hops":6,"stat.useItem.minecraft.stone_shovel":22,"stat.craftItem.minecraft.stone_sword":2,"stat.flyOneCm":88959,"stat.pickup.minecraft.brown_mushroom":2,"stat.drop.minecraft.wheat_seeds":15,"stat.timeSinceDeath":11292,"stat.hopperInspected":1,"stat.pickup.integrateddynamics.on_the_dynamics_of_integration":2,"stat.pickup.minecraft.mutton":4,"stat.pickup.actuallyadditions.item_rice_seed":1,"stat.pickup.harvestcraft.rhubarbitem":3,"stat.pickup.astralsorcery.itemjournal":1,"stat.craftItem.minecraft.bed":1,"stat.drop.gravestone.death_info":2,"stat.mineBlock.chisel.marble2":2,"stat.mineBlock.thermalfoundation.ore":13,"stat.furnaceInteraction":3,"stat.mineBlock.botania.flower":4,"stat.drop.minecraft.beetroot_seeds":6,"stat.mineBlock.minecraft.coal_ore":54,"stat.talkedToVillager":1,"stat.pickup.actuallyadditions.item_solidified_experience":1,"stat.mineBlock.harvestcraft.pamdurian":8,"stat.pickup.minecraft.beef":16,"stat.sprintOneCm":345377,"stat.pickup.actuallyadditions.item_misc":8,"stat.craftItem.minecraft.stick":40,"stat.mineBlock.minecraft.sea_lantern":1,"stat.mineBlock.minecraft.crafting_table":4,"stat.pickup.ic2.misc_resource":6,"stat.mineBlock.astralsorcery.blockmarble":40,"stat.useItem.minecraft.carrot":1,"stat.pickup.botania.flower":4,"stat.craftItem.minecraft.dark_oak_boat":1,"stat.deaths":4,"stat.drop":29,"stat.useItem.ic2.treetap":2,"stat.pickup.minecraft.egg":4,"stat.playOneMinute":138458,"stat.killEntity.Sheep":2,"stat.pickup.chisel.marble2":2,"stat.mineBlock.minecraft.tallgrass":11,"stat.pickup.minecraft.netherrack":114,"stat.diveOneCm":22653,"stat.pickup.minecraft.wheat":75,"stat.chestOpened":149,"stat.pickup.minecraft.pumpkin":1,"stat.pickup.harvestcraft.tomatoitem":8,"stat.mineBlock.minecraft.netherrack":115,"stat.pickup.minecraft.arrow":2,"stat.pickup.minecraft.waterlily":5,"stat.killEntity.Slime":1,"stat.pickup.harvestcraft.mangoitem":7,"stat.pickup.harvestcraft.figitem":8,"stat.useItem.minecraft.waterlily":1,"stat.jump":1361,"stat.pickup.minecraft.coal":52,"stat.fallOneCm":22490,"stat.useItem.minecraft.dark_oak_boat":2,"stat.craftItem.ic2.treetap":2,"stat.pickup.minecraft.carrot":10,"stat.useItem.minecraft.stone_axe":36,"stat.craftItem.minecraft.bread":7,"stat.crouchOneCm":3188,"stat.pickup.actuallyadditions.item_food":3,"stat.mineBlock.minecraft.chest":2,"stat.craftItem.minecraft.torch":44,"stat.pickup.minecraft.dirt":27,"stat.pickup.harvestcraft.durianitem":12,"stat.pickup.actuallyadditions.block_misc":1,"stat.craftingTableInteraction":19,"stat.boatOneCm":168466,"stat.pickup.actuallyadditions.item_coffee_seed":2,"stat.damageTaken":1620,"stat.pickup.minecraft.leather":10,"stat.pickup.theoneprobe.probenote":1,"stat.pickup.minecraft.prismarine_crystals":2,"stat.pickup.minecraft.wheat_seeds":67,"stat.pickup.minecraft.potato":29,"stat.entityKilledBy.Zombie":1,"stat.useItem.minecraft.stone_pickaxe":250,"stat.useItem.minecraft.stone_sword":37,"stat.damageDealt":1140,"stat.sleepInBed":2,"stat.pickup.actuallyadditions.item_canola_seed":5,"stat.killEntity.Cow":7,"stat.mineBlock.minecraft.dirt":27,"stat.killEntity.Pig":1,"stat.craftItem.minecraft.stone_shovel":2,"stat.walkOneCm":531903,"stat.mineBlock.harvestcraft.pammango":4,"stat.useItem.minecraft.bread":21,"stat.useItem.minecraft.torch":4,"stat.useItem.minecraft.chest":1,"stat.pickup.minecraft.stick":2,"stat.pickup.harvestcraft.almonditem":16,"stat.pickup.minecraft.crafting_table":4,"stat.useItem.minecraft.cobblestone":15,"stat.craftItem.minecraft.crafting_table":2,"stat.pickup.minecraft.log":33,"stat.drop.immersiveengineering.tool":1,"stat.pickup.minecraft.sapling":11,"stat.pickup.minecraft.ender_pearl":1,"stat.pickup.minecraft.apple":2,"stat.pickup.actuallyadditions.item_coffee_beans":11,"stat.craftItem.immersiveengineering.tool":1,"stat.killEntity.Skeleton":1,"stat.pickup.minecraft.beetroot":13,"stat.pickup.harvestcraft.parsnipitem":1,"stat.craftItem.minecraft.planks":64,"stat.pickup.harvestcraft.queenbeeitem":1,"stat.pickup.astralsorcery.itemcraftingcomponent":24,"stat.mobKills":16,"stat.mineBlock.minecraft.log":33,"stat.useItem.minecraft.stone_hoe":1,"stat.pickup.minecraft.beetroot_seeds":20,"stat.mineBlock.minecraft.leaves":11,"stat.pickup.minecraft.torch":1,"stat.sneakTime":1171,"stat.pickup.minecraft.wool":3,"stat.mineBlock.minecraft.cobblestone_wall":1,"stat.pickup.astralsorcery.blockmarble":35,"stat.mineBlock.astralsorcery.blockcustomsandore":10,"stat.mineBlock.minecraft.stone":19,"stat.pickup.minecraft.chest":2}