{"stat.chestOpened":129,"stat.pickup.tconstruct.book":1,"stat.craftItem.minecraft.piston":1,"stat.pickup.forestry.sapling":5,"stat.useItem.minecraft.stone":26,"stat.leaveGame":1,"stat.pickup.minecraft.gravel":73,"stat.pickup.minecraft.stone_pickaxe":2,"stat.pickup.extrautils2.redorchid":1,"stat.pickup.minecraft.flint":2,"stat.pickup.minecraft.stone_axe":1,"stat.useItem.minecraft.apple":1,"stat.mineBlock.bigreactors.brore":3,"stat.mineBlock.appliedenergistics2.charged_quartz_ore":2,"stat.mineBlock.actuallyadditions.block_misc":13,"stat.craftItem.minecraft.coal":9,"stat.mineBlock.appliedenergistics2.quartz_ore":7,"stat.jump":583,"stat.swimOneCm":1988,"stat.pickup.minecraft.coal":116,"stat.fallOneCm":1227,"stat.useItem.minecraft.planks":59,"stat.pickup.bigreactors.brore":3,"stat.crouchOneCm":2137,"stat.pickup.minecraft.glass":2,"stat.mineBlock.minecraft.chest":1,"stat.craftItem.minecraft.torch":48,"stat.craftItem.minecraft.iron_ingot":3,"stat.pickup.minecraft.dirt":73,"stat.useItem.minecraft.dirt":39,"stat.pickup.minecraft.red_mushroom":1,"stat.useItem.minecraft.stone_slab2":22,"stat.pickup.actuallyadditions.block_misc":13,"stat.useItem.minecraft.cooked_chicken":3,"stat.useItem.minecraft.water_bucket":2,"stat.pickup.minecraft.iron_ore":61,"stat.craftingTableInteraction":38,"stat.pickup.thermalexpansion.device":1,"stat.useItem.minecraft.glass":1,"stat.drop.thermalfoundation.ore":6,"stat.craftItem.forestry.planks.0":4,"stat.pickup.thermalfoundation.ore":79,"stat.pickup.minecraft.gold_ore":6,"stat.mineBlock.minecraft.lapis_ore":4,"stat.mineBlock.ic2.resource":1,"stat.useItem.minecraft.egg":1,"stat.mineBlock.minecraft.stone_stairs":1,"stat.pickup.minecraft.wooden_pickaxe":1,"stat.damageTaken":350,"stat.pickup.minecraft.bucket":1,"stat.mineBlock.minecraft.torch":33,"stat.craftItem.minecraft.stone_pickaxe":5,"stat.useItem.minecraft.wooden_pickaxe":34,"stat.pickup.minecraft.cobblestone":305,"stat.pickup.theoneprobe.probenote":2,"stat.pickup.minecraft.dye":27,"stat.pickup.minecraft.planks":288,"stat.mineBlock.chisel.limestone2":4,"stat.pickup.extratrees.hops":4,"stat.pickup.chisel.limestone2":4,"stat.flyOneCm":474,"stat.pickup.appliedenergistics2.material":14,"stat.pickup.minecraft.wheat_seeds":10,"stat.mineBlock.minecraft.gravel":28,"stat.useItem.minecraft.stone_pickaxe":609,"stat.damageDealt":251,"stat.pickup.minecraft.redstone":104,"stat.mineBlock.minecraft.iron_ore":61,"stat.timeSinceDeath":134291,"stat.mineBlock.minecraft.dirt":28,"stat.useItem.minecraft.iron_pickaxe":78,"stat.craftItem.minecraft.wooden_pickaxe":1,"stat.pickup.integrateddynamics.on_the_dynamics_of_integration":4,"stat.pickup.astralsorcery.itemjournal":2,"stat.pickup.thermalexpansion.dynamo":1,"stat.walkOneCm":572761,"stat.useItem.minecraft.torch":94,"stat.pickup.immersiveengineering.seed":6,"stat.mineBlock.forestry.logs.0":11,"stat.pickup.actuallyadditions.item_worm":1,"stat.pickup.minecraft.stick":39,"stat.pickup.minecraft.wooden_axe":1,"stat.mineBlock.minecraft.vine":2,"stat.mineBlock.chisel.marble2":2,"stat.craftItem.minecraft.stone_stairs":64,"stat.pickup.minecraft.crafting_table":1,"stat.pickup.thermalfoundation.material":1,"stat.mineBlock.thermalfoundation.ore":79,"stat.useItem.minecraft.cobblestone":17,"stat.furnaceInteraction":15,"stat.craftItem.minecraft.crafting_table":1,"stat.useItem.minecraft.gravel":8,"stat.mineBlock.minecraft.double_plant":11,"stat.mineBlock.minecraft.coal_ore":104,"stat.pickup.extrautils2.ingredients":4,"stat.craftItem.minecraft.stone_hoe":1,"stat.pickup.actuallyadditions.item_solidified_experience":2,"stat.pickup.minecraft.log":25,"stat.craftItem.minecraft.stone_slab2":0,"stat.pickup.minecraft.stone":83,"stat.pickup.minecraft.sapling":13,"stat.drop.minecraft.egg":1,"stat.sprintOneCm":561,"stat.pickup.minecraft.apple":1,"stat.useItem.minecraft.stone_stairs":59,"stat.craftItem.minecraft.wooden_axe":1,"stat.craftItem.minecraft.stick":36,"stat.mineBlock.thermalfoundation.ore_fluid":1,"stat.pickup.ic2.resource":1,"stat.craftItem.minecraft.planks":32,"stat.pickup.minecraft.stone_stairs":1,"stat.mineBlock.minecraft.diamond_ore":15,"stat.useItem.minecraft.wheat_seeds":8,"stat.mineBlock.minecraft.crafting_table":1,"stat.pickup.minecraft.stone_sword":1,"stat.pickup.forestry.logs.0":11,"stat.mineBlock.minecraft.log":25,"stat.craftItem.minecraft.cooked_chicken":6,"stat.useItem.minecraft.stone_hoe":17,"stat.mineBlock.minecraft.planks":3,"stat.drop":8,"stat.pickup.minecraft.diamond":15,"stat.pickup.minecraft.egg":1,"stat.playOneMinute":134291,"stat.pickup.minecraft.torch":106,"stat.mineBlock.minecraft.redstone_ore":24,"stat.sneakTime":994,"stat.craftItem.minecraft.iron_pickaxe":1,"stat.pickup.ic2.sapling":1,"stat.mineBlock.forestry.leaves.default.0":6,"stat.drop.minecraft.chest":1,"stat.useItem.minecraft.wooden_axe":41,"stat.mineBlock.minecraft.stone":377,"stat.pickup.chisel.marble2":2,"stat.mineBlock.minecraft.gold_ore":6,"stat.mineBlock.minecraft.tallgrass":184,"stat.pickup.minecraft.chest":3}