{"stat.chestOpened":26,"stat.pickup.tconstruct.book":1,"stat.pickup.harvestcraft.tomatoitem":1,"stat.pickup.forestry.sapling":5,"stat.useItem.minecraft.stone":5,"stat.leaveGame":1,"stat.pickup.minecraft.stone_pickaxe":2,"stat.pickup.extrautils2.redorchid":1,"stat.pickup.minecraft.stone_axe":1,"stat.mineBlock.actuallyadditions.block_misc":6,"stat.mineBlock.appliedenergistics2.quartz_ore":2,"stat.jump":394,"stat.swimOneCm":6142,"stat.pickup.minecraft.coal":89,"stat.useItem.minecraft.planks":14,"stat.fallOneCm":1374,"stat.pickup.actuallyadditions.block_black_lotus":1,"stat.mineBlock.harvestcraft.shadedgarden":1,"stat.mineBlock.gravestone.gravestone":1,"stat.craftItem.minecraft.chest":6,"stat.craftItem.minecraft.torch":276,"stat.pickup.minecraft.dirt":32,"stat.useItem.minecraft.dirt":5,"stat.useItem.minecraft.stone_slab2":8,"stat.pickup.actuallyadditions.block_misc":6,"stat.craftingTableInteraction":17,"stat.pickup.minecraft.iron_ore":53,"stat.craftItem.minecraft.dark_oak_door":3,"stat.pickup.minecraft.rotten_flesh":3,"stat.pickup.thermalfoundation.ore":4,"stat.pickup.actuallyadditions.item_coffee_seed":2,"stat.useItem.minecraft.egg":1,"stat.craftItem.minecraft.stone_axe":1,"stat.mineBlock.minecraft.log2":89,"stat.pickup.minecraft.wooden_pickaxe":3,"stat.damageTaken":680,"stat.pickup.minecraft.leather":2,"stat.mineBlock.minecraft.red_flower":4,"stat.craftItem.minecraft.stone_pickaxe":2,"stat.mineBlock.minecraft.torch":2,"stat.useItem.minecraft.wooden_pickaxe":7,"stat.craftItem.minecraft.cooked_beef":1,"stat.pickup.minecraft.cobblestone":45,"stat.pickup.minecraft.log2":87,"stat.pickup.theoneprobe.probenote":1,"stat.pickup.minecraft.planks":245,"stat.pickup.extratrees.hops":11,"stat.craftItem.minecraft.stone_sword":1,"stat.flyOneCm":1005,"stat.pickup.appliedenergistics2.material":3,"stat.pickup.minecraft.brown_mushroom":3,"stat.pickup.minecraft.wheat_seeds":17,"stat.useItem.minecraft.stone_pickaxe":148,"stat.useItem.minecraft.cooked_beef":4,"stat.pickup.harvestcraft.scallionitem":1,"stat.useItem.minecraft.stone_sword":419,"stat.damageDealt":574,"stat.craftItem.minecraft.glass":6,"stat.pickup.minecraft.redstone":2,"stat.mineBlock.minecraft.iron_ore":35,"stat.timeSinceDeath":10496,"stat.pickup.actuallyadditions.item_canola_seed":1,"stat.killEntity.Cow":1,"stat.mineBlock.minecraft.dirt":24,"stat.craftItem.minecraft.wooden_pickaxe":1,"stat.pickup.integrateddynamics.on_the_dynamics_of_integration":3,"stat.pickup.harvestcraft.rhubarbitem":1,"stat.pickup.astralsorcery.itemjournal":2,"stat.walkOneCm":611801,"stat.useItem.minecraft.torch":29,"stat.pickup.immersiveengineering.seed":11,"stat.pickup.minecraft.stick":5,"stat.pickup.minecraft.wooden_axe":3,"stat.mineBlock.actuallyadditions.block_black_lotus":1,"stat.mineBlock.minecraft.vine":1,"stat.mineBlock.thermalfoundation.ore":1,"stat.furnaceInteraction":7,"stat.mineBlock.minecraft.double_plant":15,"stat.mineBlock.botania.flower":1,"stat.mineBlock.minecraft.coal_ore":60,"stat.pickup.minecraft.log":12,"stat.pickup.minecraft.beef":1,"stat.entityKilledBy.Skeleton":1,"stat.craftItem.minecraft.stone_slab2":0,"stat.pickup.minecraft.stone":31,"stat.pickup.minecraft.sapling":33,"stat.sprintOneCm":476,"stat.pickup.actuallyadditions.item_misc":2,"stat.pickup.minecraft.cooked_beef":3,"stat.craftItem.minecraft.stick":116,"stat.craftItem.minecraft.wooden_axe":2,"stat.pickup.actuallyadditions.item_coffee_beans":6,"stat.useItem.minecraft.dark_oak_door":1,"stat.craftItem.minecraft.planks":394,"stat.pickup.minecraft.stone_sword":1,"stat.pickup.forestry.logs.0":10,"stat.mobKills":2,"stat.mineBlock.minecraft.log":12,"stat.pickup.botania.flower":1,"stat.mineBlock.minecraft.planks":1,"stat.deaths":1,"stat.mineBlock.minecraft.leaves":6,"stat.pickup.minecraft.egg":1,"stat.playOneMinute":129385,"stat.pickup.minecraft.torch":3,"stat.pickup.minecraft.red_flower":9,"stat.mineBlock.actuallyadditions.block_wild":3,"stat.killEntity.Zombie":1,"stat.useItem.minecraft.wooden_axe":68,"stat.mineBlock.minecraft.stone":51,"stat.mineBlock.minecraft.tallgrass":374,"stat.pickup.minecraft.chest":1}