{"stat.chestOpened":68,"stat.pickup.tconstruct.book":1,"stat.mineBlock.extratrees.leaves.default.19":2,"stat.pickup.astralsorcery.itemjournal":1,"stat.walkOneCm":226511,"stat.pickup.minecraft.bone":1,"stat.animalsBred":1,"stat.pickup.harvestcraft.tomatoitem":3,"stat.useItem.minecraft.chest":2,"stat.pickup.minecraft.stick":20,"stat.pickup.forestry.sapling":5,"stat.pickup.minecraft.wooden_axe":1,"stat.leaveGame":1,"stat.mineBlock.minecraft.hopper":3,"stat.craftItem.minecraft.stone_stairs":12,"stat.pickup.minecraft.crafting_table":1,"stat.useItem.minecraft.log2":1,"stat.mineBlock.minecraft.cobblestone":4,"stat.useItem.minecraft.cobblestone":36,"stat.pickup.minecraft.stone_pickaxe":1,"stat.craftItem.minecraft.crafting_table":1,"stat.furnaceInteraction":13,"stat.craftItem.minecraft.stone_hoe":1,"stat.craftItem.thermalfoundation.material":12,"stat.pickup.minecraft.log":37,"stat.jump":97,"stat.fallOneCm":691,"stat.craftItem.minecraft.stone_slab2":0,"stat.useItem.minecraft.stone_axe":26,"stat.pickup.minecraft.hopper":6,"stat.crouchOneCm":1144,"stat.mineBlock.minecraft.chest":1,"stat.mineBlock.gravestone.gravestone":1,"stat.craftItem.minecraft.chest":8,"stat.craftItem.minecraft.iron_ingot":27,"stat.pickup.minecraft.sapling":23,"stat.pickup.minecraft.dirt":39,"stat.useItem.minecraft.dirt":10,"stat.sprintOneCm":25543,"stat.useItem.minecraft.stone_slab2":12,"stat.pickup.minecraft.apple":2,"stat.craftItem.minecraft.hopper":4,"stat.useItem.minecraft.stone_stairs":3,"stat.craftItem.minecraft.wooden_axe":1,"stat.craftItem.minecraft.stick":16,"stat.craftingTableInteraction":14,"stat.useItem.minecraft.glass":1,"stat.killEntity.Skeleton":1,"stat.craftItem.minecraft.dark_oak_fence":3,"stat.useItem.minecraft.sapling":40,"stat.craftItem.minecraft.planks":164,"stat.useItem.minecraft.egg":20,"stat.craftItem.minecraft.stone_axe":1,"stat.useItem.minecraft.wheat_seeds":2,"stat.mineBlock.minecraft.log2":41,"stat.pickup.minecraft.wooden_pickaxe":1,"stat.damageTaken":405,"stat.mineBlock.minecraft.crafting_table":1,"stat.useItem.minecraft.dark_oak_fence":2,"stat.craftItem.minecraft.stone_pickaxe":1,"stat.mineBlock.minecraft.torch":1,"stat.useItem.minecraft.hopper":6,"stat.pickup.minecraft.cobblestone":56,"stat.mineBlock.minecraft.sapling":4,"stat.mobKills":1,"stat.pickup.minecraft.log2":42,"stat.pickup.theoneprobe.probenote":1,"stat.mineBlock.minecraft.log":37,"stat.pickup.minecraft.planks":98,"stat.useItem.minecraft.stone_hoe":2,"stat.flyOneCm":4810,"stat.deaths":1,"stat.pickup.minecraft.wheat_seeds":13,"stat.pickup.minecraft.egg":33,"stat.mineBlock.minecraft.leaves":31,"stat.playOneMinute":51893,"stat.entityKilledBy.Zombie":1,"stat.pickup.minecraft.torch":1,"stat.useItem.minecraft.stone_pickaxe":10,"stat.sneakTime":761,"stat.damageDealt":254,"stat.craftItem.minecraft.glass":2,"stat.pickup.minecraft.redstone":118,"stat.killEntity.Zombie":1,"stat.timeSinceDeath":25079,"stat.useItem.minecraft.wooden_axe":59,"stat.hopperInspected":17,"stat.mineBlock.minecraft.dirt":21,"stat.pickup.integrateddynamics.on_the_dynamics_of_integration":4,"stat.craftItem.minecraft.wooden_pickaxe":1,"stat.pickup.minecraft.wheat":22,"stat.pickup.minecraft.chest":2}