{"stat.chestOpened":26,"stat.mineBlock.extratrees.leaves.default.19":2,"stat.pickup.harvestcraft.tomatoitem":6,"stat.pickup.forestry.sapling":15,"stat.mineBlock.forestry.leaves":6,"stat.pickup.minecraft.stone_pickaxe":6,"stat.pickup.minecraft.stone_axe":4,"stat.drop.minecraft.red_mushroom":4,"stat.drop.actuallyadditions.item_coffee_beans":2,"stat.pickup.harvestcraft.mangoitem":2,"stat.pickup.harvestcraft.figitem":4,"stat.useItem.minecraft.apple":5,"stat.mineBlock.minecraft.brown_mushroom":1,"stat.pickup.gravestone.death_info":3,"stat.jump":551,"stat.swimOneCm":2606,"stat.pickup.minecraft.coal":4,"stat.pickup.minecraft.cooked_chicken":1,"stat.fallOneCm":5221,"stat.useItem.minecraft.stone_axe":214,"stat.crouchOneCm":285,"stat.mineBlock.gravestone.gravestone":3,"stat.pickup.minecraft.spider_eye":2,"stat.craftItem.minecraft.chest":1,"stat.pickup.minecraft.dirt":239,"stat.useItem.minecraft.dirt":47,"stat.pickup.minecraft.red_mushroom":4,"stat.useItem.minecraft.stone_slab2":9,"stat.craftingTableInteraction":23,"stat.pickup.minecraft.rotten_flesh":12,"stat.pickup.minecraft.stone_shovel":1,"stat.craftItem.forestry.planks.0":6,"stat.pickup.thermalfoundation.ore":2,"stat.pickup.actuallyadditions.item_coffee_seed":1,"stat.useItem.minecraft.egg":25,"stat.craftItem.minecraft.stone_axe":2,"stat.mineBlock.minecraft.leaves2":8,"stat.mineBlock.minecraft.log2":96,"stat.pickup.minecraft.feather":19,"stat.damageTaken":1104,"stat.pickup.minecraft.cobblestone_wall":18,"stat.pickup.minecraft.bucket":1,"stat.craftItem.minecraft.stone_pickaxe":4,"stat.mineBlock.minecraft.red_flower":6,"stat.pickup.minecraft.cobblestone":244,"stat.mineBlock.minecraft.sapling":8,"stat.pickup.minecraft.log2":175,"stat.craftItem.minecraft.cobblestone_wall":33,"stat.pickup.minecraft.planks":96,"stat.pickup.extratrees.hops":16,"stat.useItem.minecraft.stone_shovel":169,"stat.craftItem.minecraft.stone_sword":2,"stat.flyOneCm":3319,"stat.pickup.minecraft.bed":1,"stat.pickup.forestry.planks.0":2,"stat.pickup.minecraft.wheat_seeds":12,"stat.pickup.minecraft.brown_mushroom":2,"stat.useItem.minecraft.stone_pickaxe":135,"stat.useItem.minecraft.stone_sword":13,"stat.damageDealt":1040,"stat.pickup.extrautils2.wateringcan":1,"stat.craftItem.extrautils2.wateringcan":1,"stat.sleepInBed":2,"stat.craftItem.minecraft.bowl":58,"stat.timeSinceDeath":5670,"stat.hopperInspected":2,"stat.pickup.actuallyadditions.item_canola_seed":2,"stat.mineBlock.minecraft.dirt":190,"stat.craftItem.minecraft.stone_shovel":2,"stat.walkOneCm":886875,"stat.pickup.immersiveengineering.seed":3,"stat.drop.gravestone.death_info":1,"stat.pickup.minecraft.stick":160,"stat.mineBlock.minecraft.vine":1,"stat.pickup.minecraft.crafting_table":2,"stat.mineBlock.thermalfoundation.ore":1,"stat.useItem.minecraft.cobblestone":1,"stat.furnaceInteraction":1,"stat.mineBlock.forestry.logs.3":10,"stat.mineBlock.minecraft.double_plant":1,"stat.mineBlock.minecraft.coal_ore":2,"stat.pickup.actuallyadditions.item_solidified_experience":6,"stat.mineBlock.minecraft.red_mushroom_block":10,"stat.pickup.minecraft.log":84,"stat.pickup.minecraft.stone":25,"stat.pickup.minecraft.chicken":20,"stat.pickup.minecraft.sapling":45,"stat.pickup.actuallyadditions.item_misc":5,"stat.sprintOneCm":6638,"stat.pickup.minecraft.apple":6,"stat.craftItem.minecraft.wooden_axe":2,"stat.craftItem.minecraft.stick":112,"stat.pickup.actuallyadditions.item_coffee_beans":20,"stat.craftItem.minecraft.planks":156,"stat.killEntity.Chicken":10,"stat.mineBlock.minecraft.crafting_table":1,"stat.pickup.forestry.logs.3":10,"stat.pickup.minecraft.stone_sword":1,"stat.mobKills":15,"stat.drop.actuallyadditions.item_coffee_seed":1,"stat.mineBlock.minecraft.log":79,"stat.craftItem.minecraft.cooked_chicken":1,"stat.deaths":3,"stat.pickup.minecraft.bowl":63,"stat.useItem.minecraft.cobblestone_wall":18,"stat.mineBlock.forestry.sapling_ge":10,"stat.drop":8,"stat.mineBlock.minecraft.leaves":105,"stat.pickup.minecraft.egg":16,"stat.playOneMinute":137784,"stat.pickup.minecraft.red_flower":8,"stat.sneakTime":831,"stat.killEntity.Zombie":1,"stat.useItem.minecraft.wooden_axe":120,"stat.mineBlock.minecraft.stone":128,"stat.mineBlock.minecraft.tallgrass":27,"stat.diveOneCm":3841,"stat.pickup.minecraft.wheat":7}