{"stat.pickup.tconstruct.book":1,"stat.useItem.harvestcraft.rhubarbitem":3,"stat.leaveGame":13,"stat.pickup.extrautils2.redorchid":1,"stat.useItem.minecraft.soul_sand":1,"stat.killEntity.Blaze":15,"stat.pickup.gravestone.death_info":4,"stat.useItem.minecraft.planks":84,"stat.pickup.bigreactors.brore":3,"stat.craftItem.minecraft.stone_pressure_plate":1,"stat.pickup.minecraft.glowstone_dust":221,"stat.pickup.minecraft.glass":2,"stat.mineBlock.gravestone.gravestone":1,"stat.useItem.minecraft.water_bucket":50,"stat.pickup.minecraft.rotten_flesh":4,"stat.pickup.actuallyadditions.block_colored_lamp":1,"stat.pickup.minecraft.bucket":1,"stat.craftItem.minecraft.stone_sword":2,"stat.mineBlock.biomesoplenty.ash_block":1,"stat.mineBlock.actuallyadditions.block_coal_generator":1,"stat.useItem.minecraft.iron_pickaxe":78,"stat.craftItem.minecraft.wooden_pickaxe":1,"stat.pickup.harvestcraft.rhubarbitem":13,"stat.pickup.astralsorcery.itemjournal":2,"stat.craftItem.minecraft.glass_pane":16,"stat.mineBlock.forestry.logs.0":11,"stat.pickup.actuallyadditions.item_worm":12,"stat.drop.gravestone.death_info":2,"stat.mineBlock.minecraft.vine":2,"stat.mineBlock.chisel.marble2":2,"stat.pickup.thermalfoundation.material":9,"stat.useItem.actuallyadditions.item_coffee_seed":1,"stat.furnaceInteraction":48,"stat.mineBlock.forestry.logs.3":4,"stat.craftItem.ic2.te":2,"stat.killEntity.ZombieVillager":3,"stat.mineBlock.forestry.logs.5":12,"stat.pickup.actuallyadditions.item_solidified_experience":10,"stat.craftItem.thermalfoundation.material":20,"stat.mineBlock.harvestcraft.windygarden":1,"stat.pickup.minecraft.leather_helmet":2,"stat.useItem.minecraft.stone_stairs":59,"stat.pickup.minecraft.stone_stairs":1,"stat.useItem.minecraft.flint_and_steel":1,"stat.useItem.minecraft.wheat_seeds":112,"stat.useItem.immersiveengineering.seed":1,"stat.mineBlock.astralsorcery.blockmarble":3,"stat.mineBlock.minecraft.soul_sand":4,"stat.deaths":1,"stat.pickup.minecraft.egg":29,"stat.playOneMinute":450881,"stat.pickup.minecraft.blaze_rod":16,"stat.craftItem.harvestcraft.fig_sapling":1,"stat.craftItem.minecraft.iron_pickaxe":1,"stat.mineBlock.actuallyadditions.block_wild":1,"stat.drop.minecraft.chest":1,"stat.pickup.chisel.marble2":2,"stat.mineBlock.minecraft.tallgrass":306,"stat.pickup.minecraft.netherrack":38,"stat.chestOpened":402,"stat.pickup.harvestcraft.tomatoitem":24,"stat.useItem.minecraft.stone":78,"stat.mineBlock.minecraft.netherrack":32,"stat.pickup.minecraft.arrow":4,"stat.pickup.minecraft.wooden_pressure_plate":1,"stat.killEntity.Ghast":1,"stat.mineBlock.appliedenergistics2.charged_quartz_ore":2,"stat.craftItem.minecraft.coal":9,"stat.drop.minecraft.iron_pickaxe":1,"stat.craftItem.actuallyadditions.item_canola_seed":2,"stat.fallOneCm":13101,"stat.useItem.harvestcraft.mango_sapling":1,"stat.pickup.minecraft.carrot":8,"stat.crouchOneCm":12608,"stat.craftItem.ic2.cable":4,"stat.mineBlock.minecraft.chest":1,"stat.pickup.actuallyadditions.item_food":8,"stat.craftItem.minecraft.iron_ingot":3,"stat.craftItem.minecraft.chest":1,"stat.pickup.minecraft.red_mushroom":2,"stat.craftingTableInteraction":75,"stat.pickup.thermalexpansion.device":1,"stat.drop.thermalfoundation.ore":6,"stat.mineBlock.minecraft.wooden_pressure_plate":1,"stat.mineBlock.ic2.resource":1,"stat.pickup.minecraft.wooden_pickaxe":1,"stat.mineBlock.minecraft.log2":1,"stat.pickup.theoneprobe.probenote":2,"stat.pickup.minecraft.dye":27,"stat.pickup.minecraft.planks":288,"stat.pickup.chisel.limestone2":4,"stat.pickup.minecraft.wheat_seeds":149,"stat.mineBlock.minecraft.gravel":28,"stat.useItem.minecraft.stone_pickaxe":862,"stat.drop.integrateddynamics.on_the_dynamics_of_integration":1,"stat.useItem.minecraft.stone_sword":190,"stat.mineBlock.minecraft.dirt":128,"stat.pickup.minecraft.poisonous_potato":2,"stat.useItem.minecraft.torch":164,"stat.pickup.immersiveengineering.seed":8,"stat.useItem.minecraft.bread":26,"stat.craftItem.minecraft.stone_stairs":64,"stat.pickup.minecraft.crafting_table":2,"stat.useItem.minecraft.cobblestone":37,"stat.pickup.minecraft.magma":22,"stat.craftItem.minecraft.crafting_table":2,"stat.useItem.minecraft.gravel":10,"stat.mineBlock.minecraft.double_plant":12,"stat.useItem.actuallyadditions.item_canola_seed":1,"stat.pickup.minecraft.log":64,"stat.pickup.minecraft.sapling":29,"stat.pickup.forestry.fruits":55,"stat.pickup.minecraft.apple":2,"stat.pickup.minecraft.beetroot":6,"stat.pickup.harvestcraft.parsnipitem":1,"stat.craftItem.minecraft.planks":112,"stat.mineBlock.actuallyadditions.block_laser_relay":1,"stat.pickup.minecraft.stone_sword":3,"stat.mineBlock.minecraft.log":67,"stat.craftItem.minecraft.cooked_chicken":6,"stat.mineBlock.minecraft.waterlily":1,"stat.craftItem.harvestcraft.mango_sapling":2,"stat.useItem.minecraft.stone_hoe":210,"stat.craftItem.ic2.re_battery":1,"stat.useItem.minecraft.beetroot_seeds":8,"stat.sneakTime":3821,"stat.pickup.ic2.sapling":1,"stat.useItem.minecraft.wooden_axe":41,"stat.pickup.minecraft.chest":3,"stat.drop.astralsorcery.blockmarble":2,"stat.pickup.minecraft.bone":3,"stat.pickup.forestry.sapling":7,"stat.horseOneCm":9487,"stat.mineBlock.minecraft.cobblestone":7,"stat.pickup.minecraft.stone_pickaxe":4,"stat.pickup.minecraft.flint":2,"stat.mineBlock.actuallyadditions.block_misc":13,"stat.mineBlock.appliedenergistics2.quartz_ore":7,"stat.swimOneCm":22395,"stat.climbOneCm":1512,"stat.craftItem.ic2.fluid_cell":2,"stat.pickup.thermalexpansion.machine":1,"stat.useItem.minecraft.dirt":91,"stat.useItem.harvestcraft.tomatoitem":2,"stat.useItem.minecraft.stone_slab2":81,"stat.craftItem.minecraft.furnace":1,"stat.craftItem.forestry.planks.0":4,"stat.pickup.thermalfoundation.ore":98,"stat.useItem.minecraft.egg":30,"stat.drop.theoneprobe.probenote":1,"stat.craftItem.minecraft.stone_pickaxe":8,"stat.craftItem.minecraft.cooked_beef":4,"stat.mineBlock.minecraft.magma":23,"stat.mineBlock.actuallyadditions.block_colored_lamp_on":1,"stat.pickup.minecraft.cobblestone":365,"stat.mineBlock.minecraft.clay":12,"stat.mineBlock.chisel.limestone2":4,"stat.pickup.extratrees.hops":10,"stat.flyOneCm":8630,"stat.pickup.minecraft.soul_sand":4,"stat.pickup.appliedenergistics2.material":14,"stat.pickup.actuallyadditions.item_booklet":1,"stat.useItem.minecraft.cooked_beef":2,"stat.pickup.minecraft.redstone":104,"stat.mineBlock.minecraft.iron_ore":78,"stat.timeSinceDeath":94804,"stat.pickup.integrateddynamics.on_the_dynamics_of_integration":5,"stat.drop.minecraft.spider_eye":1,"stat.pickup.actuallyadditions.item_rice_seed":9,"stat.pickup.thermalexpansion.dynamo":1,"stat.pickup.actuallyadditions.block_lamp_powerer":1,"stat.useItem.minecraft.potato":8,"stat.pickup.minecraft.wooden_axe":1,"stat.mineBlock.thermalfoundation.ore":98,"stat.mineBlock.minecraft.coal_ore":108,"stat.killEntity.Creeper":3,"stat.pickup.extrautils2.ingredients":4,"stat.craftItem.minecraft.stone_hoe":2,"stat.talkedToVillager":6,"stat.pickup.minecraft.string":16,"stat.useItem.astralsorcery.blockmarble":3,"stat.craftItem.ic2.casing":16,"stat.craftItem.minecraft.stone_slab2":0,"stat.sprintOneCm":25216,"stat.pickup.actuallyadditions.item_misc":32,"stat.craftItem.minecraft.wooden_axe":1,"stat.craftItem.minecraft.stick":44,"stat.mineBlock.biomesoplenty.grass":4,"stat.pickup.biomesoplenty.ash":4,"stat.pickup.ic2.resource":1,"stat.craftItem.minecraft.stone":8,"stat.mineBlock.minecraft.diamond_ore":15,"stat.mineBlock.minecraft.crafting_table":2,"stat.pickup.forestry.logs.3":6,"stat.useItem.minecraft.carrot":7,"stat.pickup.forestry.logs.0":11,"stat.craftItem.minecraft.wooden_pressure_plate":1,"stat.pickup.forestry.logs.5":12,"stat.pickup.botania.flower":1,"stat.mineBlock.minecraft.planks":3,"stat.drop":27,"stat.pickup.minecraft.slime_ball":7,"stat.killEntity.Zombie":10,"stat.mineBlock.forestry.leaves.default.0":6,"stat.drop.minecraft.bread":7,"stat.mineBlock.forestry.leaves.default.1":44,"stat.mineBlock.forestry.leaves.default.2":24,"stat.mineBlock.minecraft.gold_ore":6,"stat.diveOneCm":2801,"stat.pickup.minecraft.wheat":116,"stat.craftItem.minecraft.piston":1,"stat.craftItem.ic2.cutter":1,"stat.useItem.thermalfoundation.wrench":1,"stat.pickup.minecraft.gravel":73,"stat.drop.minecraft.cooked_beef":2,"stat.killEntity.Slime":13,"stat.pickup.minecraft.stone_axe":3,"stat.pickup.harvestcraft.mangoitem":6,"stat.pickup.harvestcraft.figitem":4,"stat.useItem.minecraft.apple":1,"stat.mineBlock.bigreactors.brore":3,"stat.useItem.minecraft.rotten_flesh":1,"stat.jump":2229,"stat.craftItem.ic2.forge_hammer":1,"stat.pickup.minecraft.coal":121,"stat.useItem.minecraft.stone_axe":92,"stat.craftItem.minecraft.bread":33,"stat.pickup.minecraft.gunpowder":1,"stat.pickup.minecraft.spider_eye":2,"stat.craftItem.minecraft.torch":48,"stat.pickup.minecraft.dirt":208,"stat.pickup.actuallyadditions.block_misc":13,"stat.useItem.minecraft.cooked_chicken":6,"stat.pickup.minecraft.iron_ore":78,"stat.useItem.minecraft.glass":1,"stat.pickup.minecraft.gold_ore":6,"stat.mineBlock.minecraft.lapis_ore":4,"stat.craftItem.minecraft.flint_and_steel":1,"stat.pickup.actuallyadditions.item_flax_seed":8,"stat.pickup.actuallyadditions.item_coffee_seed":9,"stat.mineBlock.minecraft.leaves2":1,"stat.mineBlock.minecraft.stone_stairs":1,"stat.damageTaken":2663,"stat.pickup.minecraft.leather":2,"stat.mineBlock.minecraft.torch":42,"stat.useItem.minecraft.wooden_pickaxe":34,"stat.mineBlock.minecraft.sapling":1,"stat.pickup.minecraft.log2":6,"stat.pickup.minecraft.potato":9,"stat.pickup.actuallyadditions.block_laser_relay":1,"stat.damageDealt":7469,"stat.craftItem.minecraft.glass":10,"stat.craftItem.extrautils2.wateringcan":1,"stat.craftItem.minecraft.bowl":4,"stat.pickup.actuallyadditions.item_canola_seed":12,"stat.useItem.extratrees.hops":4,"stat.walkOneCm":2499700,"stat.playerKills":1,"stat.pickup.minecraft.stick":39,"stat.pickup.minecraft.clay_ball":48,"stat.useItem.minecraft.lava_bucket":12,"stat.useItem.actuallyadditions.item_worm":3,"stat.pickup.minecraft.stone":120,"stat.pickup.biomesoplenty.fleshchunk":26,"stat.drop.minecraft.egg":2,"stat.pickup.actuallyadditions.item_coffee_beans":25,"stat.mineBlock.thermalfoundation.ore_fluid":1,"stat.useItem.minecraft.netherrack":2,"stat.killEntity.Skeleton":3,"stat.craftItem.ic2.crafting":2,"stat.mineBlock.biomesoplenty.flesh":22,"stat.pickup.minecraft.bread":2,"stat.mineBlock.minecraft.glowstone":49,"stat.mineBlock.actuallyadditions.block_lamp_powerer":1,"stat.mobKills":48,"stat.craftItem.ic2.resource":1,"stat.mineBlock.actuallyadditions.block_fermenting_barrel":1,"stat.pickup.minecraft.diamond":15,"stat.mineBlock.minecraft.leaves":36,"stat.pickup.minecraft.beetroot_seeds":11,"stat.pickup.minecraft.torch":259,"stat.mineBlock.minecraft.redstone_ore":24,"stat.pickup.astralsorcery.blockmarble":7,"stat.mineBlock.minecraft.stone":463,"stat.drop.tconstruct.book":1}