{"stat.pickup.tconstruct.book":2,"stat.leaveGame":9,"stat.craftItem.thermalfoundation.wrench":1,"stat.pickup.extrautils2.redorchid":2,"stat.mineBlock.ic2.rubber_wood":7,"stat.killEntity.Blaze":10,"stat.pickup.gravestone.death_info":5,"stat.useItem.minecraft.planks":398,"stat.pickup.minecraft.glowstone_dust":10,"stat.useItem.minecraft.water_bucket":3,"stat.pickup.minecraft.rotten_flesh":27,"stat.pickup.minecraft.sand":14,"stat.craftItem.minecraft.dark_oak_fence":6,"stat.craftItem.minecraft.stone_axe":4,"stat.craftItem.minecraft.stone_sword":5,"stat.mineBlock.minecraft.sand":14,"stat.killEntity.Witch":1,"stat.hopperInspected":1,"stat.useItem.minecraft.iron_pickaxe":9,"stat.craftItem.minecraft.wooden_pickaxe":1,"stat.pickup.astralsorcery.itemjournal":1,"stat.craftItem.minecraft.bed":1,"stat.drop.gravestone.death_info":2,"stat.mineBlock.minecraft.vine":1,"stat.mineBlock.chisel.marble2":3,"stat.pickup.thermalfoundation.material":3,"stat.furnaceInteraction":174,"stat.killEntity.ZombieVillager":2,"stat.pickup.actuallyadditions.item_solidified_experience":17,"stat.craftItem.thermalfoundation.material":225,"stat.craftItem.minecraft.leather_helmet":1,"stat.pickup.minecraft.beef":16,"stat.pickup.minecraft.leather_helmet":1,"stat.mineBlock.minecraft.fence":1,"stat.useItem.minecraft.wheat_seeds":41,"stat.pickup.ic2.misc_resource":6,"stat.mineBlock.astralsorcery.blockmarble":2,"stat.mineBlock.minecraft.soul_sand":3,"stat.useItem.minecraft.beef":1,"stat.pickup.minecraft.egg":39,"stat.pickup.actuallyadditions.item_dust":2,"stat.playOneMinute":491629,"stat.pickup.minecraft.blaze_rod":4,"stat.craftItem.minecraft.iron_pickaxe":1,"stat.pickup.chisel.marble2":5,"stat.mineBlock.minecraft.tallgrass":332,"stat.craftItem.minecraft.cooked_mutton":1,"stat.pickup.minecraft.netherrack":287,"stat.chestOpened":491,"stat.craftItem.thermalexpansion.device":1,"stat.pickup.harvestcraft.tomatoitem":1,"stat.craftItem.minecraft.sign":12,"stat.mineBlock.minecraft.dark_oak_fence":8,"stat.mineBlock.minecraft.netherrack":289,"stat.pickup.minecraft.arrow":7,"stat.craftItem.minecraft.coal":30,"stat.pickup.minecraft.cooked_chicken":1,"stat.fallOneCm":17421,"stat.craftItem.ic2.treetap":2,"stat.crouchOneCm":31303,"stat.mineBlock.minecraft.chest":3,"stat.craftItem.minecraft.chest":7,"stat.craftItem.minecraft.iron_ingot":113,"stat.pickup.minecraft.red_mushroom":2,"stat.craftingTableInteraction":127,"stat.mineBlock.minecraft.log2":163,"stat.pickup.minecraft.wooden_pickaxe":1,"stat.pickup.minecraft.feather":12,"stat.useItem.minecraft.dark_oak_fence":77,"stat.pickup.theoneprobe.probenote":2,"stat.pickup.minecraft.dye":13,"stat.pickup.minecraft.planks":243,"stat.pickup.chisel.limestone2":6,"stat.pickup.minecraft.wheat_seeds":189,"stat.craftItem.minecraft.dark_oak_fence_gate":4,"stat.mineBlock.minecraft.gravel":11,"stat.useItem.minecraft.stone_pickaxe":1192,"stat.useItem.minecraft.stone_sword":316,"stat.drop.thermalexpansion.device":1,"stat.mineBlock.minecraft.dirt":506,"stat.pickup.immersiveengineering.seed":14,"stat.useItem.minecraft.torch":140,"stat.useItem.minecraft.bread":28,"stat.pickup.minecraft.crafting_table":2,"stat.useItem.minecraft.cobblestone":277,"stat.craftItem.minecraft.crafting_table":1,"stat.mineBlock.minecraft.double_plant":10,"stat.killEntity.LavaSlime":14,"stat.pickup.minecraft.log":26,"stat.craftItem.minecraft.gold_ingot":11,"stat.pickup.minecraft.tallgrass":11,"stat.pickup.minecraft.chicken":10,"stat.pickup.minecraft.sapling":10,"stat.pickup.minecraft.apple":2,"stat.pickup.minecraft.coal_block":1,"stat.craftItem.minecraft.bucket":2,"stat.craftItem.minecraft.planks":596,"stat.pickup.minecraft.stone_sword":1,"stat.mineBlock.minecraft.log":12,"stat.craftItem.minecraft.cooked_chicken":4,"stat.useItem.minecraft.stone_hoe":7,"stat.pickup.minecraft.red_flower":5,"stat.craftItem.thermalexpansion.frame":2,"stat.sneakTime":8165,"stat.pickup.minecraft.wool":39,"stat.pickup.ic2.sapling":2,"stat.drop.minecraft.bucket":1,"stat.useItem.minecraft.wooden_axe":59,"stat.pickup.minecraft.chest":7,"stat.pickup.minecraft.bone":5,"stat.horseOneCm":8306,"stat.useItem.minecraft.log2":1,"stat.mineBlock.minecraft.cobblestone":20,"stat.drop.minecraft.leather_helmet":1,"stat.swimOneCm":37750,"stat.climbOneCm":398,"stat.useItem.minecraft.dirt":156,"stat.mineBlock.actuallyadditions.block_canola_press":1,"stat.useItem.minecraft.stone_slab2":61,"stat.craftItem.minecraft.furnace":2,"stat.pickup.thermalfoundation.ore":90,"stat.useItem.minecraft.egg":73,"stat.craftItem.minecraft.stone_pickaxe":11,"stat.craftItem.minecraft.cooked_beef":11,"stat.pickup.minecraft.cobblestone":561,"stat.mineBlock.minecraft.clay":20,"stat.pickup.extratrees.hops":21,"stat.mineBlock.chisel.limestone2":6,"stat.useItem.minecraft.stone_shovel":401,"stat.flyOneCm":8812,"stat.pickup.minecraft.soul_sand":6,"stat.pickup.actuallyadditions.item_booklet":1,"stat.useItem.chisel.limestone2":1,"stat.useItem.minecraft.cooked_beef":10,"stat.pickup.minecraft.redstone":21,"stat.mineBlock.minecraft.iron_ore":79,"stat.timeSinceDeath":491629,"stat.useItem.minecraft.sign":6,"stat.pickup.integrateddynamics.on_the_dynamics_of_integration":3,"stat.pickup.minecraft.mutton":5,"stat.killEntity.Bat":1,"stat.mineBlock.minecraft.coal_block":1,"stat.mineBlock.thermalfoundation.ore":71,"stat.drop.minecraft.dirt":9,"stat.drop.thermalexpansion.dynamo":1,"stat.mineBlock.minecraft.coal_ore":77,"stat.killEntity.Creeper":1,"stat.craftItem.minecraft.stone_hoe":4,"stat.talkedToVillager":11,"stat.mineBlock.minecraft.red_mushroom_block":5,"stat.mineBlock.actuallyadditions.block_coffee_machine":1,"stat.craftItem.minecraft.stone_slab2":0,"stat.pickup.actuallyadditions.block_tiny_torch":1,"stat.sprintOneCm":3167,"stat.pickup.actuallyadditions.item_misc":25,"stat.craftItem.minecraft.stick":76,"stat.craftItem.minecraft.wooden_axe":1,"stat.craftItem.thermalexpansion.dynamo":1,"stat.mineBlock.minecraft.crafting_table":2,"stat.pickup.botania.flower":1,"stat.mineBlock.minecraft.planks":22,"stat.drop":18,"stat.craftItem.minecraft.leather_chestplate":1,"stat.craftItem.actuallyadditions.item_misc":2,"stat.killEntity.Sheep":3,"stat.killEntity.Zombie":18,"stat.diveOneCm":11773,"stat.pickup.minecraft.wheat":180,"stat.useItem.thermalfoundation.wrench":6,"stat.pickup.minecraft.sign":1,"stat.pickup.minecraft.gravel":11,"stat.drop.minecraft.cooked_beef":3,"stat.useItem.minecraft.apple":1,"stat.craftItem.thermalexpansion.machine":1,"stat.jump":2271,"stat.pickup.minecraft.coal":92,"stat.useItem.minecraft.stone_axe":140,"stat.craftItem.minecraft.bread":72,"stat.craftItem.minecraft.torch":116,"stat.pickup.minecraft.dirt":529,"stat.useItem.minecraft.cooked_chicken":4,"stat.pickup.minecraft.iron_ore":78,"stat.useItem.minecraft.glass":1,"stat.mineBlock.minecraft.lapis_ore":3,"stat.pickup.actuallyadditions.item_coffee_seed":1,"stat.mineBlock.minecraft.leaves2":4,"stat.damageTaken":3066,"stat.pickup.minecraft.leather":19,"stat.mineBlock.minecraft.red_flower":2,"stat.mineBlock.minecraft.torch":20,"stat.useItem.minecraft.wooden_pickaxe":16,"stat.pickup.minecraft.dark_oak_fence":101,"stat.pickup.minecraft.log2":194,"stat.pickup.ic2.rubber_wood":14,"stat.pickup.minecraft.reeds":10,"stat.damageDealt":8614,"stat.craftItem.minecraft.glass":8,"stat.sleepInBed":3,"stat.killEntity.Cow":10,"stat.craftItem.minecraft.stone_slab":24,"stat.craftItem.minecraft.stone_shovel":3,"stat.walkOneCm":2753385,"stat.useItem.minecraft.chest":5,"stat.playerKills":1,"stat.pickup.minecraft.clay_ball":80,"stat.useItem.minecraft.dark_oak_fence_gate":1,"stat.pickup.minecraft.stone":105,"stat.pickup.biomesoplenty.fleshchunk":7,"stat.pickup.minecraft.cooked_beef":10,"stat.pickup.actuallyadditions.item_coffee_beans":1,"stat.killEntity.Skeleton":4,"stat.killEntity.Chicken":10,"stat.killEntity.Spider":3,"stat.mineBlock.minecraft.quartz_ore":4,"stat.mineBlock.biomesoplenty.flesh":15,"stat.pickup.minecraft.bread":13,"stat.mineBlock.minecraft.glowstone":3,"stat.mobKills":77,"stat.pickup.minecraft.quartz":4,"stat.craftItem.minecraft.shears":1,"stat.mineBlock.minecraft.leaves":6,"stat.pickup.minecraft.torch":71,"stat.mineBlock.actuallyadditions.block_grinder":1,"stat.mineBlock.minecraft.redstone_ore":5,"stat.mineBlock.minecraft.stone":652}