{"stat.pickup.tconstruct.book":1,"stat.mineBlock.extratrees.leaves.default.19":2,"stat.pickup.minecraft.bone":3,"stat.pickup.forestry.sapling":5,"stat.useItem.minecraft.iron_axe":124,"stat.leaveGame":4,"stat.useItem.minecraft.log2":3,"stat.mineBlock.minecraft.cobblestone":4,"stat.pickup.minecraft.stone_pickaxe":2,"stat.craftItem.minecraft.iron_axe":1,"stat.pickup.gravestone.death_info":1,"stat.swimOneCm":7265,"stat.useItem.minecraft.planks":7,"stat.climbOneCm":102,"stat.mineBlock.gravestone.gravestone":2,"stat.useItem.minecraft.dirt":287,"stat.useItem.minecraft.stone_slab2":31,"stat.useItem.minecraft.water_bucket":11,"stat.craftItem.minecraft.dark_oak_fence":3,"stat.pickup.thermalfoundation.ore":52,"stat.useItem.minecraft.egg":431,"stat.craftItem.minecraft.stone_axe":1,"stat.pickup.minecraft.cobblestone_wall":1,"stat.craftItem.minecraft.stone_pickaxe":1,"stat.pickup.minecraft.cobblestone":338,"stat.craftItem.minecraft.cobblestone_wall":192,"stat.pickup.extratrees.hops":22,"stat.mineBlock.chisel.limestone2":4,"stat.useItem.minecraft.stone_shovel":259,"stat.flyOneCm":33928,"stat.craftItem.minecraft.iron_shovel":2,"stat.pickup.minecraft.brown_mushroom":1,"stat.pickup.minecraft.redstone":118,"stat.mineBlock.minecraft.iron_ore":16,"stat.timeSinceDeath":78824,"stat.hopperInspected":26,"stat.useItem.minecraft.iron_pickaxe":274,"stat.pickup.integrateddynamics.on_the_dynamics_of_integration":4,"stat.craftItem.minecraft.wooden_pickaxe":1,"stat.useItem.minecraft.iron_shovel":255,"stat.pickup.actuallyadditions.item_rice_seed":11,"stat.pickup.harvestcraft.rhubarbitem":6,"stat.pickup.astralsorcery.itemjournal":1,"stat.drop.gravestone.death_info":1,"stat.pickup.actuallyadditions.item_worm":15,"stat.pickup.minecraft.wooden_axe":1,"stat.mineBlock.minecraft.hopper":3,"stat.mineBlock.chisel.marble2":3,"stat.mineBlock.thermalfoundation.ore":52,"stat.furnaceInteraction":16,"stat.pickup.minecraft.iron_shovel":1,"stat.mineBlock.minecraft.coal_ore":5,"stat.craftItem.minecraft.stone_hoe":1,"stat.talkedToVillager":8,"stat.pickup.actuallyadditions.item_solidified_experience":2,"stat.craftItem.thermalfoundation.material":12,"stat.pickup.minecraft.string":3,"stat.craftItem.minecraft.stone_slab2":0,"stat.sprintOneCm":137455,"stat.pickup.actuallyadditions.item_misc":8,"stat.useItem.minecraft.stone_stairs":3,"stat.craftItem.minecraft.wooden_axe":1,"stat.craftItem.minecraft.stick":16,"stat.useItem.minecraft.flint_and_steel":15,"stat.useItem.minecraft.wheat_seeds":157,"stat.mineBlock.minecraft.crafting_table":1,"stat.useItem.minecraft.hopper":6,"stat.craftItem.minecraft.wooden_pressure_plate":5,"stat.entityKilledBy.Creeper":1,"stat.deaths":2,"stat.mineBlock.minecraft.planks":1,"stat.drop":1,"stat.pickup.minecraft.egg":53,"stat.playOneMinute":168555,"stat.craftItem.minecraft.iron_pickaxe":3,"stat.killEntity.Zombie":1,"stat.pickup.chisel.marble2":3,"stat.mineBlock.minecraft.tallgrass":13,"stat.diveOneCm":2746,"stat.pickup.minecraft.wheat":246,"stat.chestOpened":229,"stat.pickup.harvestcraft.tomatoitem":6,"stat.pickup.minecraft.gravel":14,"stat.pickup.minecraft.iron_sword":1,"stat.useItem.minecraft.apple":3,"stat.craftItem.minecraft.coal":16,"stat.craftItem.minecraft.iron_hoe":1,"stat.jump":535,"stat.pickup.minecraft.coal":5,"stat.fallOneCm":6484,"stat.pickup.minecraft.carrot":23,"stat.useItem.minecraft.stone_axe":26,"stat.craftItem.minecraft.bread":71,"stat.crouchOneCm":3369,"stat.mineBlock.minecraft.chest":1,"stat.pickup.actuallyadditions.item_food":28,"stat.craftItem.minecraft.chest":8,"stat.craftItem.minecraft.iron_ingot":27,"stat.craftItem.minecraft.torch":48,"stat.pickup.minecraft.dirt":716,"stat.useItem.minecraft.iron_hoe":161,"stat.craftItem.minecraft.hopper":4,"stat.useItem.minecraft.cooked_chicken":1,"stat.craftingTableInteraction":34,"stat.pickup.minecraft.iron_ore":16,"stat.useItem.minecraft.glass":1,"stat.useItem.minecraft.sapling":40,"stat.craftItem.minecraft.flint_and_steel":1,"stat.pickup.actuallyadditions.item_flax_seed":2,"stat.pickup.actuallyadditions.item_coffee_seed":2,"stat.pickup.minecraft.iron_axe":1,"stat.mineBlock.minecraft.leaves2":14,"stat.mineBlock.minecraft.log2":145,"stat.pickup.minecraft.wooden_pickaxe":1,"stat.damageTaken":850,"stat.useItem.minecraft.dark_oak_fence":2,"stat.pickup.minecraft.feather":5,"stat.mineBlock.minecraft.torch":2,"stat.pickup.minecraft.dark_oak_fence":1,"stat.useItem.minecraft.reeds":9,"stat.mineBlock.minecraft.sapling":4,"stat.pickup.minecraft.log2":219,"stat.pickup.theoneprobe.probenote":1,"stat.pickup.minecraft.planks":101,"stat.pickup.minecraft.reeds":29,"stat.pickup.chisel.limestone2":4,"stat.pickup.minecraft.wheat_seeds":163,"stat.pickup.minecraft.potato":29,"stat.entityKilledBy.Zombie":1,"stat.mineBlock.minecraft.gravel":14,"stat.useItem.minecraft.stone_pickaxe":132,"stat.damageDealt":1161,"stat.craftItem.minecraft.glass":2,"stat.sleepInBed":10,"stat.craftItem.minecraft.baked_potato":35,"stat.mineBlock.minecraft.dirt":543,"stat.pickup.minecraft.poisonous_potato":1,"stat.craftItem.minecraft.iron_sword":1,"stat.craftItem.minecraft.leather":5,"stat.pickup.minecraft.flint_and_steel":1,"stat.craftItem.minecraft.stone_shovel":2,"stat.walkOneCm":866781,"stat.useItem.minecraft.bread":2,"stat.useItem.minecraft.torch":28,"stat.pickup.immersiveengineering.seed":1,"stat.animalsBred":1,"stat.useItem.minecraft.chest":2,"stat.pickup.minecraft.stick":51,"stat.craftItem.minecraft.stone_stairs":12,"stat.pickup.minecraft.crafting_table":1,"stat.useItem.minecraft.cobblestone":36,"stat.craftItem.minecraft.crafting_table":1,"stat.useItem.minecraft.gravel":1,"stat.pickup.minecraft.log":64,"stat.pickup.minecraft.stone":33,"stat.pickup.minecraft.hopper":6,"stat.pickup.minecraft.chicken":4,"stat.pickup.minecraft.sapling":87,"stat.pickup.minecraft.apple":6,"stat.pickup.actuallyadditions.item_coffee_beans":11,"stat.killEntity.Skeleton":1,"stat.pickup.minecraft.beetroot":15,"stat.craftItem.minecraft.bucket":1,"stat.craftItem.minecraft.planks":292,"stat.useItem.minecraft.iron_sword":61,"stat.killEntity.Chicken":19,"stat.pickup.minecraft.bread":14,"stat.mobKills":49,"stat.useItem.minecraft.wooden_pressure_plate":3,"stat.mineBlock.minecraft.log":53,"stat.craftItem.minecraft.cooked_chicken":4,"stat.useItem.minecraft.stone_hoe":2,"stat.useItem.minecraft.cobblestone_wall":2,"stat.mineBlock.minecraft.leaves":32,"stat.pickup.minecraft.beetroot_seeds":20,"stat.pickup.minecraft.torch":4,"stat.pickup.minecraft.red_flower":2,"stat.sneakTime":3194,"stat.pickup.minecraft.wool":1,"stat.useItem.minecraft.wooden_axe":59,"stat.mineBlock.minecraft.stone":309,"stat.pickup.minecraft.chest":2,"stat.pickup.minecraft.dark_oak_fence_gate":1}