{"stat.leaveGame":43,"stat.mineBlock.ic2.sapling":8,"stat.pickup.extrautils2.redorchid":1,"stat.pickup.tconstruct.edible":7,"stat.drop.minecraft.redstone":4,"stat.pickup.bigreactors.brore":5,"stat.craftItem.minecraft.stone_pressure_plate":1,"stat.mineBlock.extratrees.shrub_log":1,"stat.pickup.forestry.engine_electrical":3,"stat.mineBlock.gravestone.gravestone":7,"stat.useItem.actuallyadditions.item_rice_seed":8,"stat.useItem.ic2.electric_wrench":8,"stat.pickup.minecraft.rotten_flesh":9,"stat.pickup.actuallyadditions.block_colored_lamp":3,"stat.pickup.minecraft.bucket":2,"stat.killEntity.Enderman":1,"stat.pickup.minecraft.brown_mushroom":1,"stat.mineBlock.actuallyadditions.block_coal_generator":1,"stat.pickup.appliedenergistics2.fluix_block":1,"stat.useItem.minecraft.iron_pickaxe":211,"stat.craftItem.minecraft.wooden_pickaxe":1,"stat.craftItem.minecraft.iron_door":3,"stat.pickup.harvestcraft.rhubarbitem":15,"stat.craftItem.minecraft.glass_pane":16,"stat.pickup.appliedenergistics2.sky_stone_block":1,"stat.mineBlock.forestry.logs.0":11,"stat.mineBlock.minecraft.vine":4,"stat.mineBlock.chisel.marble2":9,"stat.mineBlock.minecraft.hopper":1,"stat.pickup.thermalfoundation.material":15,"stat.useItem.actuallyadditions.item_coffee_seed":1,"stat.furnaceInteraction":104,"stat.mineBlock.forestry.logs.3":4,"stat.craftItem.ic2.te":7,"stat.killEntity.ZombieVillager":4,"stat.mineBlock.forestry.logs.5":12,"stat.pickup.harvestcraft.cornitem":1,"stat.pickup.extrautils2.enderlilly":1,"stat.pickup.appliedenergistics2.quartz_growth_accelerator":1,"stat.drop.appliedenergistics2.crystal_seed":10,"stat.pickup.minecraft.leather_helmet":4,"stat.useItem.minecraft.flint_and_steel":1,"stat.useItem.minecraft.wheat_seeds":114,"stat.mineBlock.minecraft.dark_oak_fence_gate":1,"stat.useItem.minecraft.wooden_button":1,"stat.mineBlock.astralsorcery.blockmarble":3,"stat.pickup.ic2.misc_resource":40,"stat.mineBlock.ic2.leaves":197,"stat.mineBlock.enderstorage.ender_storage":6,"stat.pickup.minecraft.lever":5,"stat.deaths":8,"stat.useItem.ic2.treetap":17,"stat.pickup.minecraft.egg":39,"stat.craftItem.minecraft.iron_pickaxe":1,"stat.pickup.chisel.marble2":13,"stat.mineBlock.minecraft.tallgrass":364,"stat.chestOpened":1664,"stat.pickup.thermalfoundation.wrench":2,"stat.useItem.ic2.cable":56,"stat.useItem.minecraft.stone":95,"stat.mineBlock.actuallyadditions.block_tiny_torch":1,"stat.pickup.minecraft.arrow":4,"stat.craftItem.appliedenergistics2.part":4,"stat.pickup.minecraft.wooden_pressure_plate":4,"stat.killEntity.Ghast":1,"stat.useItem.ic2.upgrade":10,"stat.useItem.minecraft.clay":1,"stat.craftItem.minecraft.coal":9,"stat.pickup.harvestcraft.chilipepperitem":1,"stat.drop.minecraft.iron_pickaxe":1,"stat.pickup.chisel.basalt2":3,"stat.useItem.harvestcraft.mango_sapling":1,"stat.pickup.minecraft.carrot":12,"stat.crouchOneCm":24253,"stat.craftItem.ic2.cable":169,"stat.mineBlock.minecraft.chest":8,"stat.pickup.actuallyadditions.item_food":13,"stat.craftItem.minecraft.iron_ingot":105,"stat.craftItem.minecraft.hopper":1,"stat.craftingTableInteraction":173,"stat.drop.thermalfoundation.ore":6,"stat.mineBlock.minecraft.wooden_pressure_plate":4,"stat.pickup.minecraft.wooden_pickaxe":1,"stat.mineBlock.minecraft.log2":15,"stat.useItem.minecraft.dark_oak_fence":61,"stat.pickup.minecraft.dye":39,"stat.pickup.minecraft.planks":468,"stat.pickup.chisel.limestone2":8,"stat.pickup.minecraft.wheat_seeds":246,"stat.drop.integrateddynamics.on_the_dynamics_of_integration":1,"stat.pickup.thermaldynamics.duct_16":3,"stat.mineBlock.minecraft.dirt":766,"stat.pickup.minecraft.poisonous_potato":3,"stat.craftItem.ic2.dust":9,"stat.pickup.immersiveengineering.seed":10,"stat.useItem.minecraft.bread":61,"stat.useItem.minecraft.cobblestone":247,"stat.pickup.minecraft.magma":40,"stat.useItem.minecraft.gravel":10,"stat.mineBlock.minecraft.double_plant":13,"stat.useItem.actuallyadditions.item_canola_seed":1,"stat.craftItem.ic2.upgrade":1,"stat.pickup.minecraft.iron_pickaxe":4,"stat.craftItem.appliedenergistics2.drive":1,"stat.drop.minecraft.sapling":2,"stat.pickup.minecraft.hopper":1,"stat.pickup.minecraft.chicken":1,"stat.pickup.minecraft.apple":2,"stat.craftItem.appliedenergistics2.inscriber":1,"stat.craftItem.minecraft.planks":168,"stat.pickup.minecraft.stone_sword":8,"stat.mineBlock.minecraft.log":79,"stat.craftItem.minecraft.wooden_door":3,"stat.mineBlock.minecraft.waterlily":1,"stat.craftItem.harvestcraft.mango_sapling":2,"stat.useItem.chisel.basalt2":2,"stat.useItem.minecraft.wooden_door":1,"stat.craftItem.ic2.re_battery":6,"stat.pickup.minecraft.iron_door":1,"stat.craftItem.minecraft.paper":3,"stat.craftItem.thermalexpansion.frame":3,"stat.pickup.minecraft.red_flower":5,"stat.pickup.minecraft.wool":1,"stat.pickup.appliedenergistics2.part":10,"stat.useItem.minecraft.wooden_axe":41,"stat.drop.astralsorcery.blockmarble":2,"stat.pickup.forestry.sapling":7,"stat.mineBlock.minecraft.cobblestone":76,"stat.pickup.minecraft.stone_pickaxe":12,"stat.pickup.minecraft.flint":8,"stat.craftItem.thermalexpansion.cell":1,"stat.pickup.minecraft.leather_chestplate":2,"stat.mineBlock.appliedenergistics2.quartz_ore":7,"stat.useItem.thermaldynamics.duct_16":1,"stat.pickup.minecraft.sticky_piston":2,"stat.useItem.harvestcraft.tomatoitem":9,"stat.useItem.minecraft.stone_slab2":240,"stat.pickup.minecraft.stone_hoe":3,"stat.craftItem.minecraft.furnace":7,"stat.pickup.thermalfoundation.ore":169,"stat.useItem.minecraft.egg":84,"stat.drop.theoneprobe.probenote":1,"stat.craftItem.minecraft.cooked_beef":4,"stat.mineBlock.minecraft.obsidian":8,"stat.mineBlock.actuallyadditions.block_colored_lamp_on":1,"stat.mineBlock.minecraft.clay":14,"stat.pickup.extratrees.hops":15,"stat.flyOneCm":44000,"stat.pickup.actuallyadditions.item_booklet":1,"stat.useItem.thermaldynamics.duct_32":5,"stat.timeSinceDeath":369749,"stat.drop.minecraft.spider_eye":1,"stat.useItem.minecraft.iron_door":2,"stat.pickup.thermalexpansion.dynamo":5,"stat.useItem.minecraft.potato":9,"stat.drop.appliedenergistics2.sky_compass":1,"stat.pickup.thermaldynamics.duct_0":24,"stat.mineBlock.minecraft.coal_ore":118,"stat.killEntity.Creeper":5,"stat.pickup.extrautils2.ingredients":4,"stat.craftItem.minecraft.stone_hoe":2,"stat.talkedToVillager":6,"stat.pickup.minecraft.string":17,"stat.craftItem.forestry.scoop":1,"stat.pickup.thermaldynamics.duct_32":7,"stat.sprintOneCm":66324,"stat.pickup.immersiveengineering.tool":2,"stat.craftItem.minecraft.wooden_axe":1,"stat.mineBlock.biomesoplenty.grass":4,"stat.pickup.ic2.resource":3,"stat.useItem.enderstorage.ender_storage":1,"stat.mineBlock.minecraft.diamond_ore":15,"stat.craftItem.minecraft.wooden_pressure_plate":1,"stat.useItem.ic2.electric_treetap":14,"stat.craftItem.minecraft.leather_chestplate":1,"stat.killEntity.Zombie":15,"stat.craftItem.minecraft.dye":6,"stat.mineBlock.minecraft.gold_ore":14,"stat.diveOneCm":18835,"stat.pickup.minecraft.wheat":223,"stat.mineBlock.immersiveengineering.metal_device0":1,"stat.mineBlock.immersiveengineering.metal_device1":10,"stat.craftItem.ic2.cutter":1,"stat.pickup.minecraft.sign":1,"stat.mineBlock.minecraft.stone_button":2,"stat.pickup.minecraft.stone_axe":9,"stat.pickup.harvestcraft.mangoitem":6,"stat.pickup.harvestcraft.figitem":4,"stat.mineBlock.bigreactors.brore":4,"stat.pickup.minecraft.obsidian":8,"stat.pickup.ic2.te":9,"stat.useItem.minecraft.rotten_flesh":1,"stat.craftItem.thermalexpansion.machine":1,"stat.jump":5816,"stat.pickup.minecraft.coal":143,"stat.pickup.actuallyadditions.block_black_lotus":1,"stat.craftItem.minecraft.lever":2,"stat.pickup.minecraft.gunpowder":3,"stat.mineBlock.forestry.beehives":2,"stat.craftItem.minecraft.torch":96,"stat.pickup.ic2.crafting":11,"stat.pickup.minecraft.dirt":940,"stat.useItem.minecraft.glass":1,"stat.pickup.minecraft.gold_ore":30,"stat.mineBlock.minecraft.lapis_ore":4,"stat.pickup.actuallyadditions.item_flax_seed":8,"stat.damageTaken":7028,"stat.mineBlock.minecraft.torch":64,"stat.killEntity.tconstruct.blueslime":10,"stat.mineBlock.minecraft.red_flower":1,"stat.mineBlock.minecraft.sapling":1,"stat.pickup.minecraft.log2":20,"stat.pickup.ic2.rubber_wood":58,"stat.useItem.forestry.scoop":3,"stat.pickup.minecraft.potato":22,"stat.pickup.actuallyadditions.block_laser_relay":3,"stat.useItem.immersiveengineering.metal_device1":15,"stat.craftItem.extrautils2.wateringcan":1,"stat.useItem.minecraft.chest":2,"stat.pickup.minecraft.diamond_pickaxe":2,"stat.useItem.minecraft.lava_bucket":12,"stat.useItem.actuallyadditions.item_worm":3,"stat.pickup.minecraft.ender_pearl":1,"stat.drop.minecraft.egg":2,"stat.craftItem.actuallyadditions.item_rice_seed":8,"stat.pickup.actuallyadditions.item_coffee_beans":25,"stat.useItem.minecraft.netherrack":6,"stat.pickup.ic2.cable":52,"stat.pickup.harvestcraft.cucumberitem":1,"stat.mineBlock.minecraft.glowstone":49,"stat.mineBlock.actuallyadditions.block_lamp_powerer":1,"stat.mobKills":102,"stat.useItem.ic2.diamond_drill":4,"stat.mineBlock.appliedenergistics2.sky_compass":5,"stat.useItem.minecraft.boat":15,"stat.mineBlock.actuallyadditions.block_fermenting_barrel":1,"stat.pickup.minecraft.diamond":15,"stat.pickup.minecraft.beetroot_seeds":19,"stat.pickup.minecraft.torch":706,"stat.craftItem.ic2.wrench":1,"stat.pickup.astralsorcery.blockmarble":7,"stat.mineBlock.astralsorcery.blockcustomsandore":1,"stat.pickup.minecraft.dark_oak_fence_gate":1,"stat.pickup.tconstruct.book":1,"stat.drop.minecraft.waterlily":8,"stat.useItem.harvestcraft.rhubarbitem":3,"stat.useItem.minecraft.soul_sand":1,"stat.drop.ic2.crafting":1,"stat.killEntity.Blaze":15,"stat.mineBlock.ic2.rubber_wood":57,"stat.pickup.gravestone.death_info":7,"stat.useItem.minecraft.planks":135,"stat.pickup.minecraft.glowstone_dust":221,"stat.pickup.enderstorage.ender_storage":8,"stat.pickup.minecraft.glass":2,"stat.craftItem.immersiveengineering.metal_device0":1,"stat.craftItem.immersiveengineering.metal_device1":8,"stat.useItem.minecraft.water_bucket":61,"stat.drop.minecraft.poisonous_potato":1,"stat.craftItem.minecraft.dark_oak_fence":27,"stat.craftItem.ic2.advanced_re_battery":1,"stat.craftItem.actuallyadditions.block_misc":2,"stat.useItem.appliedenergistics2.sky_compass":2,"stat.craftItem.appliedenergistics2.sky_compass":2,"stat.craftItem.minecraft.stone_sword":2,"stat.mineBlock.biomesoplenty.ash_block":1,"stat.hopperInspected":10,"stat.pickup.thermalexpansion.cell":5,"stat.drop.ic2.treetap":1,"stat.pickup.astralsorcery.itemjournal":2,"stat.pickup.actuallyadditions.item_worm":12,"stat.drop.gravestone.death_info":5,"stat.craftItem.appliedenergistics2.quartz_growth_accelerator":1,"stat.pickup.appliedenergistics2.crystal_seed":20,"stat.pickup.actuallyadditions.item_solidified_experience":15,"stat.craftItem.thermalfoundation.material":234,"stat.pickup.minecraft.furnace":3,"stat.mineBlock.harvestcraft.windygarden":3,"stat.useItem.thermaldynamics.duct_0":59,"stat.useItem.minecraft.stone_stairs":59,"stat.pickup.minecraft.stone_stairs":1,"stat.useItem.ic2.sapling":17,"stat.craftItem.appliedenergistics2.quartz_glass":12,"stat.useItem.immersiveengineering.seed":1,"stat.pickup.forestry.bee_princess_ge":3,"stat.craftItem.immersiveengineering.material":1,"stat.mineBlock.minecraft.soul_sand":4,"stat.craftItem.forestry.engine_electrical":1,"stat.playOneMinute":1595527,"stat.pickup.minecraft.blaze_rod":16,"stat.craftItem.harvestcraft.fig_sapling":1,"stat.mineBlock.extrabees.hive":1,"stat.mineBlock.actuallyadditions.block_wild":1,"stat.drop.minecraft.chest":1,"stat.pickup.minecraft.netherrack":235,"stat.pickup.harvestcraft.tomatoitem":34,"stat.mineBlock.minecraft.dark_oak_fence":17,"stat.craftItem.appliedenergistics2.material":7,"stat.mineBlock.minecraft.netherrack":235,"stat.pickup.minecraft.waterlily":9,"stat.mineBlock.forestry.engine_electrical":3,"stat.mineBlock.appliedenergistics2.charged_quartz_ore":2,"stat.craftItem.actuallyadditions.item_canola_seed":2,"stat.fallOneCm":64699,"stat.drop.minecraft.dye":3,"stat.craftItem.ic2.treetap":3,"stat.craftItem.minecraft.chest":18,"stat.mineBlock.minecraft.lever":5,"stat.pickup.minecraft.red_mushroom":2,"stat.craftItem.chickenchunks.chunk_loader":1,"stat.pickup.thermalexpansion.device":2,"stat.craftItem.ic2.drill":1,"stat.mineBlock.ic2.resource":1,"stat.pickup.minecraft.feather":1,"stat.craftItem.minecraft.wooden_button":2,"stat.useItem.minecraft.furnace":2,"stat.pickup.forestry.carpenter":1,"stat.pickup.theoneprobe.probenote":2,"stat.mineBlock.minecraft.gravel":35,"stat.useItem.minecraft.stone_pickaxe":2049,"stat.useItem.minecraft.stone_sword":275,"stat.craftItem.minecraft.leather":2,"stat.useItem.minecraft.torch":306,"stat.craftItem.minecraft.redstone_block":1,"stat.craftItem.minecraft.stone_stairs":64,"stat.pickup.minecraft.crafting_table":3,"stat.craftItem.minecraft.crafting_table":3,"stat.craftItem.ic2.scanner":1,"stat.craftItem.minecraft.boat":3,"stat.craftItem.appliedenergistics2.energy_acceptor":1,"stat.pickup.minecraft.log":126,"stat.craftItem.minecraft.stone_button":2,"stat.pickup.minecraft.sapling":35,"stat.pickup.forestry.fruits":55,"stat.pickup.minecraft.wooden_door":2,"stat.entityKilledBy.Enderman":2,"stat.pickup.minecraft.beetroot":14,"stat.pickup.harvestcraft.parsnipitem":1,"stat.mineBlock.actuallyadditions.block_laser_relay":1,"stat.craftItem.thermaldynamics.duct_0":48,"stat.craftItem.minecraft.cooked_chicken":63,"stat.useItem.minecraft.stone_hoe":214,"stat.pickup.immersiveengineering.metal_device0":1,"stat.pickup.immersiveengineering.metal_device1":10,"stat.useItem.minecraft.beetroot_seeds":8,"stat.sneakTime":11958,"stat.pickup.ic2.sapling":31,"stat.craftItem.appliedenergistics2.controller":1,"stat.useItem.minecraft.beetroot":1,"stat.pickup.minecraft.chest":10,"stat.craftItem.minecraft.enchanting_table":1,"stat.drop.minecraft.stone_pickaxe":2,"stat.pickup.ic2.electric_wrench":1,"stat.pickup.minecraft.bone":5,"stat.pickup.minecraft.redstone_torch":4,"stat.horseOneCm":9487,"stat.mineBlock.actuallyadditions.block_misc":15,"stat.mineBlock.minecraft.brown_mushroom":1,"stat.mineBlock.forestry.carpenter":1,"stat.swimOneCm":69391,"stat.climbOneCm":4362,"stat.craftItem.ic2.fluid_cell":4,"stat.pickup.thermalexpansion.machine":4,"stat.useItem.minecraft.dirt":222,"stat.drop.minecraft.quartz":4,"stat.craftItem.forestry.planks.0":4,"stat.craftItem.ic2.tool_box":2,"stat.craftItem.minecraft.stone_pickaxe":18,"stat.mineBlock.minecraft.magma":42,"stat.pickup.minecraft.cobblestone":1695,"stat.mineBlock.chisel.limestone2":8,"stat.useItem.minecraft.stone_shovel":417,"stat.pickup.minecraft.soul_sand":4,"stat.pickup.appliedenergistics2.material":38,"stat.useItem.minecraft.cooked_beef":2,"stat.craftItem.ic2.mining_pipe":64,"stat.pickup.minecraft.redstone":184,"stat.mineBlock.minecraft.iron_ore":141,"stat.craftItem.minecraft.book":1,"stat.useItem.harvestcraft.peanutitem":1,"stat.pickup.integrateddynamics.on_the_dynamics_of_integration":6,"stat.pickup.actuallyadditions.item_rice_seed":11,"stat.pickup.actuallyadditions.block_lamp_powerer":3,"stat.pickup.minecraft.wooden_axe":1,"stat.mineBlock.thermalfoundation.ore":130,"stat.craftItem.industrialforegoing.latex_processing_unit":1,"stat.pickup.forestry.honey_drop":1,"stat.pickup.forestry.bee_combs":2,"stat.useItem.astralsorcery.blockmarble":3,"stat.craftItem.minecraft.brick_block":2,"stat.drop.forestry.honey_drop":1,"stat.craftItem.ic2.casing":68,"stat.craftItem.minecraft.stone_slab2":0,"stat.pickup.actuallyadditions.block_tiny_torch":1,"stat.craftItem.thermaldynamics.duct_32":12,"stat.pickup.ic2.mining_pipe":164,"stat.pickup.actuallyadditions.item_misc":32,"stat.craftItem.minecraft.stick":144,"stat.pickup.biomesoplenty.ash":4,"stat.drop.thermalfoundation.wrench":1,"stat.craftItem.thermalexpansion.dynamo":1,"stat.craftItem.minecraft.stone":11,"stat.pickup.integrateddynamics.menril_log":4,"stat.pickup.minecraft.grass":3,"stat.mineBlock.minecraft.crafting_table":3,"stat.pickup.forestry.logs.3":6,"stat.useItem.minecraft.diamond_pickaxe":9,"stat.mineBlock.minecraft.quartz_block":1,"stat.useItem.minecraft.carrot":7,"stat.pickup.forestry.logs.0":11,"stat.pickup.forestry.logs.5":12,"stat.pickup.botania.flower":1,"stat.pickup.appliedenergistics2.sky_compass":71,"stat.mineBlock.minecraft.planks":61,"stat.drop":81,"stat.pickup.minecraft.stone_button":6,"stat.craftItem.appliedenergistics2.charger":1,"stat.pickup.minecraft.slime_ball":7,"stat.craftItem.minecraft.diamond_pickaxe":1,"stat.mineBlock.forestry.leaves.default.0":6,"stat.drop.minecraft.bread":7,"stat.mineBlock.forestry.leaves.default.1":44,"stat.mineBlock.forestry.leaves.default.2":24,"stat.craftItem.minecraft.clay":2,"stat.craftItem.minecraft.piston":3,"stat.useItem.thermalfoundation.wrench":98,"stat.pickup.minecraft.gravel":80,"stat.drop.minecraft.cooked_beef":2,"stat.killEntity.Slime":13,"stat.useItem.minecraft.apple":1,"stat.drop.ic2.electric_wrench":1,"stat.craftItem.ic2.forge_hammer":3,"stat.useItem.minecraft.stone_axe":254,"stat.craftItem.minecraft.bread":36,"stat.pickup.harvestcraft.peanutitem":2,"stat.pickup.minecraft.spider_eye":2,"stat.pickup.actuallyadditions.block_misc":37,"stat.pickup.forestry.stairs.vanilla.fireproof.oak":2,"stat.useItem.minecraft.cooked_chicken":6,"stat.pickup.minecraft.iron_ore":180,"stat.boatOneCm":482575,"stat.craftItem.minecraft.flint_and_steel":1,"stat.craftItem.ic2.electric_wrench":1,"stat.pickup.actuallyadditions.item_coffee_seed":9,"stat.mineBlock.minecraft.leaves2":1,"stat.mineBlock.minecraft.stone_stairs":1,"stat.pickup.minecraft.leather":7,"stat.mineBlock.minecraft.furnace":3,"stat.useItem.minecraft.wooden_pickaxe":34,"stat.pickup.minecraft.dark_oak_fence":16,"stat.drop.minecraft.stone_button":2,"stat.craftItem.ic2.advanced_scanner":1,"stat.damageDealt":10743,"stat.craftItem.minecraft.glass":22,"stat.craftItem.minecraft.bowl":4,"stat.sleepInBed":31,"stat.pickup.actuallyadditions.item_canola_seed":12,"stat.useItem.extratrees.hops":4,"stat.pickup.minecraft.boat":14,"stat.craftItem.minecraft.stone_shovel":6,"stat.walkOneCm":5384424,"stat.playerKills":1,"stat.mineBlock.ic2.te":44,"stat.pickup.minecraft.stick":47,"stat.drop.appliedenergistics2.material":8,"stat.pickup.minecraft.clay_ball":56,"stat.mineBlock.chisel.basalt2":3,"stat.pickup.minecraft.stone":320,"stat.pickup.biomesoplenty.fleshchunk":26,"stat.pickup.actuallyadditions.item_crafter_on_a_stick":2,"stat.pickup.ic2.forge_hammer":2,"stat.mineBlock.thermalfoundation.ore_fluid":2,"stat.killEntity.Skeleton":5,"stat.craftItem.ic2.crafting":60,"stat.pickup.forestry.bee_drone_ge":2,"stat.pickup.forestry.apatite":25,"stat.craftItem.appliedenergistics2.crystal_seed":6,"stat.pickup.forestry.scoop":1,"stat.killEntity.Chicken":30,"stat.mineBlock.minecraft.redstone_torch":1,"stat.killEntity.Spider":2,"stat.mineBlock.biomesoplenty.flesh":22,"stat.pickup.minecraft.bread":126,"stat.mineBlock.minecraft.quartz_ore":10,"stat.pickup.astralsorcery.itemcraftingcomponent":2,"stat.craftItem.ic2.resource":4,"stat.pickup.minecraft.quartz":15,"stat.drop.ic2.forge_hammer":1,"stat.mineBlock.minecraft.leaves":75,"stat.mineBlock.minecraft.redstone_ore":30,"stat.craftItem.minecraft.brick":8,"stat.craftItem.ic2.diamond_drill":1,"stat.mineBlock.minecraft.stone":1301,"stat.drop.tconstruct.book":1,"stat.craftItem.actuallyadditions.block_giant_chest":2}