{"stat.pickup.tconstruct.book":1,"stat.useItem.harvestcraft.rhubarbitem":30,"stat.leaveGame":17,"stat.pickup.extrautils2.redorchid":2,"stat.mineBlock.ic2.rubber_wood":4,"stat.pickup.gravestone.death_info":2,"stat.drop.forge.bucketfilled":1,"stat.useItem.minecraft.poisonous_potato":1,"stat.useItem.minecraft.planks":207,"stat.pickup.bigreactors.brore":12,"stat.entityKilledBy.PigZombie":2,"stat.useItem.thermalfoundation.ore":1,"stat.pickup.minecraft.glass":35,"stat.mineBlock.gravestone.gravestone":2,"stat.useItem.actuallyadditions.item_rice_seed":18,"stat.useItem.minecraft.water_bucket":7,"stat.pickup.minecraft.rotten_flesh":11,"stat.craftItem.minecraft.dark_oak_fence":193,"stat.craftItem.minecraft.stone_axe":3,"stat.pickup.minecraft.cobblestone_wall":2,"stat.pickup.minecraft.bucket":1,"stat.pickup.harvestcraft.wintersquashitem":3,"stat.craftItem.minecraft.stone_sword":1,"stat.pickup.minecraft.brown_mushroom":3,"stat.pickup.harvestcraft.scallionitem":1,"stat.craftItem.forestry.sturdy_machine":5,"stat.pickup.forestry.crate":64,"stat.useItem.minecraft.iron_pickaxe":33,"stat.craftItem.minecraft.wooden_pickaxe":1,"stat.pickup.harvestcraft.rhubarbitem":48,"stat.pickup.forestry.pollen_fertile":2,"stat.pickup.astralsorcery.itemjournal":2,"stat.craftItem.minecraft.glass_pane":16,"stat.drop.gravestone.death_info":1,"stat.pickup.actuallyadditions.item_worm":2,"stat.pickup.harvestcraft.onionitem":9,"stat.mineBlock.minecraft.vine":1,"stat.pickup.thermalfoundation.material":4,"stat.useItem.actuallyadditions.item_coffee_seed":19,"stat.furnaceInteraction":17,"stat.mineBlock.botania.flower":2,"stat.pickup.harvestcraft.cornitem":37,"stat.pickup.actuallyadditions.item_solidified_experience":1,"stat.craftItem.thermalfoundation.material":66,"stat.pickup.minecraft.beef":1,"stat.mineBlock.harvestcraft.windygarden":8,"stat.useItem.thermaldynamics.duct_0":6,"stat.useItem.minecraft.stone_stairs":16,"stat.useItem.minecraft.dark_oak_door":2,"stat.pickup.minecraft.stone_stairs":7,"stat.useItem.minecraft.wheat_seeds":62,"stat.mineBlock.minecraft.dark_oak_fence_gate":3,"stat.pickup.forestry.bee_princess_ge":6,"stat.useItem.harvestcraft.beanitem":1,"stat.deaths":3,"stat.pickup.minecraft.egg":10,"stat.playOneMinute":751492,"stat.mineBlock.actuallyadditions.block_wild":4,"stat.drop.minecraft.torch":1,"stat.pickup.chisel.marble2":3,"stat.mineBlock.minecraft.tallgrass":819,"stat.pickup.harvestcraft.cottonitem":4,"stat.chestOpened":334,"stat.pickup.harvestcraft.tomatoitem":31,"stat.mineBlock.minecraft.dark_oak_fence":35,"stat.useItem.minecraft.stone":6,"stat.mineBlock.forestry.centrifuge":1,"stat.pickup.minecraft.wooden_pressure_plate":7,"stat.pickup.harvestcraft.chilipepperitem":78,"stat.drop.minecraft.iron_pickaxe":1,"stat.fallOneCm":5212,"stat.pickup.minecraft.carrot":55,"stat.useItem.harvestcraft.chilipepperitem":18,"stat.pickup.actuallyadditions.item_food":29,"stat.mineBlock.minecraft.chest":8,"stat.craftItem.minecraft.chest":12,"stat.craftingTableInteraction":24,"stat.drop.thermaldynamics.duct_16":3,"stat.mineBlock.minecraft.wooden_pressure_plate":4,"stat.mineBlock.minecraft.log2":89,"stat.pickup.minecraft.wooden_pickaxe":3,"stat.useItem.minecraft.dark_oak_fence":109,"stat.pickup.theoneprobe.probenote":4,"stat.pickup.minecraft.dye":13,"stat.pickup.minecraft.planks":472,"stat.useItem.harvestcraft.lettuceitem":2,"stat.pickup.minecraft.wheat_seeds":1050,"stat.craftItem.minecraft.dark_oak_fence_gate":3,"stat.mineBlock.minecraft.gravel":10,"stat.useItem.minecraft.stone_pickaxe":340,"stat.mineBlock.minecraft.glass":12,"stat.useItem.minecraft.stone_sword":473,"stat.pickup.thermaldynamics.duct_16":2,"stat.pickup.forestry.beeswax":2,"stat.mineBlock.minecraft.dirt":267,"stat.craftItem.thermaldynamics.duct_16":18,"stat.pickup.minecraft.poisonous_potato":2,"stat.useItem.minecraft.torch":123,"stat.pickup.immersiveengineering.seed":17,"stat.useItem.minecraft.bread":7,"stat.craftItem.forestry.centrifuge":1,"stat.craftItem.forestry.carpenter":2,"stat.mineBlock.actuallyadditions.block_black_lotus":1,"stat.craftItem.minecraft.stone_stairs":12,"stat.useItem.minecraft.cobblestone":50,"stat.useItem.minecraft.gravel":7,"stat.mineBlock.minecraft.double_plant":33,"stat.useItem.actuallyadditions.item_canola_seed":52,"stat.pickup.minecraft.log":32,"stat.pickup.minecraft.iron_pickaxe":3,"stat.drop.minecraft.planks":1,"stat.pickup.minecraft.sapling":33,"stat.pickup.minecraft.beetroot":27,"stat.pickup.forestry.centrifuge":1,"stat.pickup.harvestcraft.parsnipitem":1,"stat.craftItem.minecraft.bucket":2,"stat.craftItem.minecraft.planks":720,"stat.pickup.minecraft.stone_sword":3,"stat.useItem.minecraft.wooden_pressure_plate":5,"stat.mineBlock.minecraft.log":12,"stat.craftItem.thermaldynamics.duct_0":12,"stat.useItem.minecraft.stone_hoe":14,"stat.pickup.forestry.squeezer":3,"stat.pickup.minecraft.red_flower":21,"stat.useItem.minecraft.beetroot_seeds":9,"stat.sneakTime":83,"stat.useItem.minecraft.wooden_axe":68,"stat.pickup.minecraft.chest":9,"stat.drop.minecraft.stone_pickaxe":1,"stat.pickup.forestry.sapling":5,"stat.mineBlock.minecraft.cobblestone":9,"stat.pickup.minecraft.stone_pickaxe":6,"stat.pickup.minecraft.flint":2,"stat.mineBlock.actuallyadditions.block_misc":17,"stat.mineBlock.appliedenergistics2.quartz_ore":2,"stat.swimOneCm":24891,"stat.useItem.thermaldynamics.duct_16":2,"stat.craftItem.ic2.fluid_cell":2,"stat.craftItem.forestry.fabricator":1,"stat.useItem.minecraft.dirt":315,"stat.useItem.harvestcraft.tomatoitem":18,"stat.useItem.minecraft.stone_slab2":70,"stat.pickup.forge.bucketfilled":1,"stat.pickup.ic2.fluid_cell":2,"stat.craftItem.minecraft.dark_oak_door":3,"stat.pickup.thermalfoundation.ore":45,"stat.useItem.minecraft.egg":8,"stat.craftItem.minecraft.stone_pickaxe":3,"stat.craftItem.minecraft.cooked_beef":1,"stat.pickup.minecraft.cobblestone":290,"stat.pickup.extratrees.hops":49,"stat.flyOneCm":4003,"stat.pickup.appliedenergistics2.material":3,"stat.useItem.minecraft.cooked_beef":4,"stat.pickup.minecraft.redstone":176,"stat.mineBlock.minecraft.iron_ore":52,"stat.timeSinceDeath":186575,"stat.useItem.harvestcraft.peanutitem":15,"stat.pickup.integrateddynamics.on_the_dynamics_of_integration":3,"stat.pickup.actuallyadditions.item_rice_seed":23,"stat.useItem.minecraft.lever":1,"stat.useItem.minecraft.potato":18,"stat.pickup.minecraft.wooden_axe":3,"stat.useItem.harvestcraft.cornitem":34,"stat.pickup.minecraft.dark_oak_door":4,"stat.mineBlock.thermalfoundation.ore":21,"stat.pickup.thermaldynamics.duct_0":8,"stat.mineBlock.minecraft.coal_ore":86,"stat.pickup.forestry.honey_drop":1,"stat.pickup.forestry.bee_combs":4,"stat.craftItem.ic2.casing":24,"stat.entityKilledBy.Skeleton":1,"stat.craftItem.minecraft.stone_slab2":0,"stat.useItem.harvestcraft.cucumberitem":11,"stat.sprintOneCm":6880,"stat.pickup.actuallyadditions.item_misc":113,"stat.pickup.forestry.portable_alyzer":2,"stat.craftItem.minecraft.stick":284,"stat.craftItem.minecraft.wooden_axe":2,"stat.pickup.harvestcraft.barleyitem":1,"stat.useItem.minecraft.carrot":19,"stat.pickup.forestry.logs.0":10,"stat.craftItem.minecraft.wooden_pressure_plate":6,"stat.pickup.botania.flower":5,"stat.mineBlock.forestry.squeezer":3,"stat.mineBlock.minecraft.planks":162,"stat.drop":10,"stat.killEntity.Zombie":3,"stat.pickup.minecraft.wheat":687,"stat.pickup.minecraft.gravel":8,"stat.pickup.minecraft.stone_axe":2,"stat.mineBlock.bigreactors.brore":7,"stat.jump":1143,"stat.useItem.actuallyadditions.item_flax_seed":7,"stat.craftItem.ic2.forge_hammer":2,"stat.pickup.minecraft.coal":126,"stat.pickup.actuallyadditions.block_black_lotus":1,"stat.craftItem.minecraft.lever":2,"stat.useItem.minecraft.stone_axe":189,"stat.mineBlock.harvestcraft.shadedgarden":1,"stat.pickup.harvestcraft.peanutitem":23,"stat.craftItem.minecraft.torch":312,"stat.pickup.minecraft.dirt":383,"stat.pickup.actuallyadditions.block_misc":19,"stat.pickup.minecraft.iron_ore":70,"stat.useItem.minecraft.glass":135,"stat.pickup.minecraft.gold_ore":6,"stat.mineBlock.minecraft.lapis_ore":2,"stat.pickup.actuallyadditions.item_coffee_seed":11,"stat.mineBlock.minecraft.stone_stairs":6,"stat.damageTaken":1590,"stat.pickup.minecraft.leather":2,"stat.mineBlock.minecraft.red_flower":5,"stat.mineBlock.minecraft.torch":36,"stat.useItem.minecraft.wooden_pickaxe":7,"stat.pickup.minecraft.dark_oak_fence":58,"stat.pickup.minecraft.log2":119,"stat.pickup.ic2.rubber_wood":8,"stat.pickup.minecraft.reeds":2,"stat.pickup.minecraft.potato":48,"stat.damageDealt":1551,"stat.craftItem.minecraft.glass":6,"stat.sleepInBed":15,"stat.pickup.harvestcraft.lettuceitem":4,"stat.pickup.actuallyadditions.item_canola_seed":84,"stat.killEntity.Cow":1,"stat.useItem.harvestcraft.onionitem":6,"stat.walkOneCm":3133362,"stat.useItem.minecraft.chest":8,"stat.pickup.minecraft.stick":34,"stat.useItem.minecraft.dark_oak_fence_gate":1,"stat.useItem.actuallyadditions.item_worm":2,"stat.pickup.minecraft.stone":44,"stat.useItem.harvestcraft.scallionitem":1,"stat.pickup.minecraft.cooked_beef":3,"stat.pickup.actuallyadditions.item_coffee_beans":30,"stat.pickup.forestry.bee_drone_ge":4,"stat.pickup.forestry.scoop":1,"stat.useItem.harvestcraft.parsnipitem":5,"stat.killEntity.Chicken":1,"stat.pickup.harvestcraft.queenbeeitem":2,"stat.pickup.harvestcraft.cucumberitem":23,"stat.killEntity.Spider":1,"stat.pickup.harvestcraft.strawberryitem":2,"stat.pickup.minecraft.bread":57,"stat.craftItem.forestry.squeezer":1,"stat.mobKills":7,"stat.useItem.minecraft.cobblestone_wall":1,"stat.mineBlock.minecraft.leaves":6,"stat.pickup.minecraft.beetroot_seeds":44,"stat.pickup.minecraft.torch":62,"stat.mineBlock.minecraft.redstone_ore":7,"stat.drop.minecraft.stone_axe":1,"stat.mineBlock.minecraft.stone":160,"stat.pickup.minecraft.dark_oak_fence_gate":3}