{"stat.pickup.minecraft.bone":1,"stat.leaveGame":8,"stat.mineBlock.minecraft.cobblestone":4,"stat.pickup.minecraft.flint":7,"stat.mineBlock.appliedenergistics2.quartz_ore":1,"stat.swimOneCm":63052,"stat.climbOneCm":1498,"stat.useItem.minecraft.planks":4,"stat.useItem.minecraft.dirt":75,"stat.useItem.harvestcraft.tomatoitem":1,"stat.useItem.minecraft.stone_slab2":24,"stat.useItem.minecraft.water_bucket":4,"stat.craftItem.minecraft.dark_oak_door":3,"stat.pickup.minecraft.sand":2,"stat.craftItem.forestry.planks.0":32,"stat.pickup.thermalfoundation.ore":55,"stat.useItem.minecraft.egg":9,"stat.craftItem.minecraft.stone_axe":2,"stat.pickup.minecraft.cobblestone_wall":6,"stat.pickup.minecraft.bucket":1,"stat.craftItem.minecraft.stone_pickaxe":6,"stat.mineBlock.minecraft.magma":8,"stat.pickup.minecraft.cobblestone":369,"stat.craftItem.minecraft.cobblestone_wall":84,"stat.mineBlock.chisel.limestone2":3,"stat.pickup.extratrees.hops":5,"stat.useItem.minecraft.stone_shovel":77,"stat.craftItem.minecraft.stone_sword":1,"stat.flyOneCm":4786,"stat.pickup.appliedenergistics2.material":3,"stat.pickup.minecraft.brown_mushroom":2,"stat.useItem.forestry.planks.0":9,"stat.pickup.harvestcraft.scallionitem":2,"stat.mineBlock.minecraft.iron_ore":27,"stat.timeSinceDeath":223059,"stat.hopperInspected":1,"stat.pickup.integrateddynamics.on_the_dynamics_of_integration":1,"stat.craftItem.minecraft.wooden_pickaxe":1,"stat.pickup.harvestcraft.rhubarbitem":2,"stat.pickup.harvestcraft.whitemushroomitem":1,"stat.pickup.harvestcraft.beanitem":2,"stat.pickup.minecraft.dark_oak_door":1,"stat.mineBlock.chisel.marble2":3,"stat.mineBlock.minecraft.vine":1,"stat.mineBlock.thermalfoundation.ore":55,"stat.furnaceInteraction":3,"stat.mineBlock.minecraft.coal_ore":24,"stat.talkedToVillager":2,"stat.mineBlock.minecraft.red_mushroom_block":8,"stat.pickup.minecraft.string":7,"stat.pickup.harvestcraft.turnipitem":1,"stat.useItem.minecraft.cooked_mutton":1,"stat.pickup.actuallyadditions.item_misc":10,"stat.sprintOneCm":1754,"stat.craftItem.minecraft.stick":44,"stat.useItem.minecraft.dark_oak_door":1,"stat.useItem.minecraft.wheat_seeds":26,"stat.mineBlock.minecraft.dark_oak_fence_gate":1,"stat.pickup.minecraft.egg":12,"stat.playOneMinute":223059,"stat.pickup.minecraft.slime_ball":5,"stat.mineBlock.actuallyadditions.block_wild":2,"stat.killEntity.Zombie":1,"stat.pickup.chisel.marble2":4,"stat.pickup.minecraft.netherrack":33,"stat.mineBlock.minecraft.tallgrass":42,"stat.diveOneCm":10868,"stat.pickup.minecraft.wheat":168,"stat.pickup.harvestcraft.cottonitem":1,"stat.chestOpened":101,"stat.pickup.harvestcraft.tomatoitem":2,"stat.mineBlock.minecraft.netherrack":38,"stat.pickup.minecraft.gravel":58,"stat.pickup.minecraft.arrow":2,"stat.killEntity.Slime":5,"stat.useItem.minecraft.apple":2,"stat.mineBlock.appliedenergistics2.charged_quartz_ore":1,"stat.craftItem.minecraft.coal":5,"stat.jump":1256,"stat.pickup.minecraft.coal":24,"stat.fallOneCm":3652,"stat.pickup.minecraft.carrot":7,"stat.useItem.minecraft.stone_axe":218,"stat.craftItem.minecraft.bread":30,"stat.mineBlock.harvestcraft.shadedgarden":4,"stat.pickup.actuallyadditions.item_food":1,"stat.craftItem.minecraft.torch":58,"stat.craftItem.minecraft.iron_ingot":18,"stat.craftItem.minecraft.chest":1,"stat.pickup.minecraft.dirt":82,"stat.craftingTableInteraction":21,"stat.pickup.minecraft.iron_ore":27,"stat.pickup.actuallyadditions.item_flax_seed":1,"stat.pickup.actuallyadditions.item_coffee_seed":2,"stat.mineBlock.minecraft.leaves2":1,"stat.mineBlock.minecraft.log2":123,"stat.damageTaken":550,"stat.pickup.minecraft.feather":3,"stat.mineBlock.minecraft.torch":8,"stat.useItem.minecraft.wooden_pickaxe":58,"stat.useItem.minecraft.reeds":13,"stat.pickup.minecraft.log2":148,"stat.pickup.minecraft.planks":5,"stat.pickup.minecraft.reeds":19,"stat.pickup.chisel.limestone2":3,"stat.pickup.minecraft.wheat_seeds":162,"stat.mineBlock.minecraft.gravel":66,"stat.useItem.minecraft.stone_pickaxe":561,"stat.useItem.minecraft.stone_sword":29,"stat.damageDealt":606,"stat.sleepInBed":2,"stat.pickup.actuallyadditions.item_canola_seed":4,"stat.mineBlock.minecraft.dirt":61,"stat.useItem.extratrees.hops":1,"stat.craftItem.minecraft.stone_shovel":1,"stat.walkOneCm":1149554,"stat.useItem.minecraft.torch":44,"stat.pickup.immersiveengineering.seed":2,"stat.useItem.minecraft.bread":5,"stat.useItem.minecraft.log":6,"stat.pickup.minecraft.magma":8,"stat.useItem.minecraft.cobblestone":71,"stat.craftItem.minecraft.crafting_table":1,"stat.mineBlock.minecraft.double_plant":1,"stat.pickup.minecraft.log":45,"stat.pickup.minecraft.stone":69,"stat.pickup.minecraft.chicken":2,"stat.pickup.minecraft.sapling":19,"stat.pickup.minecraft.apple":4,"stat.pickup.actuallyadditions.item_coffee_beans":8,"stat.useItem.minecraft.netherrack":6,"stat.killEntity.Skeleton":1,"stat.pickup.minecraft.beetroot":3,"stat.pickup.harvestcraft.parsnipitem":1,"stat.craftItem.minecraft.bucket":1,"stat.craftItem.minecraft.planks":68,"stat.killEntity.Chicken":2,"stat.pickup.harvestcraft.queenbeeitem":2,"stat.killEntity.Spider":1,"stat.mobKills":10,"stat.mineBlock.minecraft.log":49,"stat.mineBlock.minecraft.waterlily":1,"stat.useItem.minecraft.stone_hoe":16,"stat.useItem.minecraft.cobblestone_wall":82,"stat.mineBlock.minecraft.leaves":13,"stat.pickup.minecraft.beetroot_seeds":5,"stat.pickup.minecraft.torch":12,"stat.useItem.minecraft.beetroot_seeds":2,"stat.sneakTime":70,"stat.pickup.harvestcraft.tealeafitem":2,"stat.mineBlock.minecraft.cobblestone_wall":6,"stat.mineBlock.minecraft.stone":436,"stat.pickup.minecraft.dark_oak_fence_gate":1}