{"stat.pickup.tconstruct.book":2,"stat.leaveGame":13,"stat.craftItem.thermalfoundation.wrench":1,"stat.pickup.extrautils2.redorchid":2,"stat.mineBlock.ic2.rubber_wood":7,"stat.killEntity.Blaze":10,"stat.pickup.gravestone.death_info":5,"stat.useItem.minecraft.planks":398,"stat.pickup.minecraft.glowstone_dust":10,"stat.useItem.minecraft.water_bucket":3,"stat.pickup.minecraft.rotten_flesh":27,"stat.pickup.minecraft.sand":14,"stat.craftItem.minecraft.dark_oak_fence":6,"stat.craftItem.minecraft.stone_axe":4,"stat.killEntity.Enderman":3,"stat.craftItem.minecraft.stone_sword":5,"stat.mineBlock.minecraft.sand":14,"stat.killEntity.Witch":1,"stat.hopperInspected":1,"stat.useItem.minecraft.iron_pickaxe":9,"stat.craftItem.minecraft.wooden_pickaxe":1,"stat.craftItem.enderstorage.ender_storage":2,"stat.pickup.astralsorcery.itemjournal":1,"stat.craftItem.minecraft.bed":1,"stat.drop.gravestone.death_info":2,"stat.mineBlock.minecraft.vine":3,"stat.mineBlock.chisel.marble2":3,"stat.pickup.thermalfoundation.material":3,"stat.furnaceInteraction":185,"stat.killEntity.ZombieVillager":2,"stat.pickup.actuallyadditions.item_solidified_experience":17,"stat.craftItem.thermalfoundation.material":239,"stat.craftItem.minecraft.leather_helmet":1,"stat.pickup.minecraft.beef":21,"stat.pickup.minecraft.leather_helmet":1,"stat.mineBlock.minecraft.fence":1,"stat.useItem.minecraft.wheat_seeds":42,"stat.pickup.ic2.misc_resource":45,"stat.mineBlock.astralsorcery.blockmarble":2,"stat.mineBlock.ic2.leaves":153,"stat.mineBlock.minecraft.soul_sand":3,"stat.useItem.minecraft.beef":1,"stat.pickup.minecraft.lever":1,"stat.useItem.ic2.treetap":20,"stat.pickup.minecraft.egg":42,"stat.pickup.actuallyadditions.item_dust":2,"stat.playOneMinute":629847,"stat.pickup.minecraft.blaze_rod":4,"stat.craftItem.minecraft.iron_pickaxe":1,"stat.pickup.chisel.marble2":5,"stat.mineBlock.minecraft.tallgrass":336,"stat.craftItem.minecraft.cooked_mutton":1,"stat.pickup.minecraft.netherrack":288,"stat.chestOpened":655,"stat.craftItem.thermalexpansion.device":1,"stat.pickup.harvestcraft.tomatoitem":1,"stat.craftItem.minecraft.sign":12,"stat.mineBlock.minecraft.dark_oak_fence":8,"stat.mineBlock.minecraft.netherrack":294,"stat.pickup.minecraft.arrow":7,"stat.craftItem.minecraft.coal":30,"stat.pickup.minecraft.cooked_chicken":1,"stat.fallOneCm":22516,"stat.craftItem.ic2.treetap":2,"stat.crouchOneCm":35806,"stat.mineBlock.minecraft.chest":3,"stat.craftItem.minecraft.chest":11,"stat.craftItem.minecraft.iron_ingot":113,"stat.mineBlock.minecraft.lever":1,"stat.pickup.minecraft.red_mushroom":2,"stat.craftingTableInteraction":152,"stat.mineBlock.minecraft.log2":217,"stat.pickup.minecraft.wooden_pickaxe":1,"stat.pickup.minecraft.feather":12,"stat.useItem.minecraft.dark_oak_fence":77,"stat.pickup.theoneprobe.probenote":2,"stat.pickup.minecraft.dye":16,"stat.pickup.minecraft.planks":243,"stat.pickup.chisel.limestone2":6,"stat.pickup.minecraft.wheat_seeds":260,"stat.craftItem.minecraft.dark_oak_fence_gate":4,"stat.mineBlock.minecraft.gravel":11,"stat.useItem.minecraft.stone_pickaxe":1215,"stat.useItem.minecraft.stone_sword":375,"stat.drop.thermalexpansion.device":1,"stat.mineBlock.minecraft.dirt":516,"stat.mineBlock.harvestcraft.pammango":1,"stat.pickup.immersiveengineering.seed":14,"stat.useItem.minecraft.torch":144,"stat.useItem.minecraft.bread":37,"stat.pickup.minecraft.crafting_table":2,"stat.useItem.minecraft.cobblestone":406,"stat.pickup.minecraft.magma":2,"stat.craftItem.minecraft.crafting_table":1,"stat.mineBlock.minecraft.double_plant":10,"stat.killEntity.LavaSlime":14,"stat.pickup.minecraft.log":26,"stat.drop.immersiveengineering.tool":1,"stat.craftItem.minecraft.gold_ingot":11,"stat.pickup.minecraft.tallgrass":11,"stat.pickup.minecraft.chicken":10,"stat.pickup.minecraft.sapling":12,"stat.pickup.minecraft.apple":2,"stat.pickup.minecraft.beetroot":5,"stat.pickup.minecraft.coal_block":1,"stat.pickup.harvestcraft.parsnipitem":3,"stat.craftItem.minecraft.bucket":2,"stat.craftItem.minecraft.planks":596,"stat.pickup.minecraft.stone_sword":1,"stat.mineBlock.minecraft.log":12,"stat.craftItem.minecraft.cooked_chicken":4,"stat.useItem.minecraft.stone_hoe":8,"stat.craftItem.minecraft.paper":3,"stat.pickup.minecraft.red_flower":5,"stat.craftItem.thermalexpansion.frame":2,"stat.sneakTime":10950,"stat.pickup.minecraft.wool":39,"stat.pickup.ic2.sapling":13,"stat.drop.minecraft.bucket":1,"stat.useItem.minecraft.wooden_axe":59,"stat.pickup.minecraft.chest":7,"stat.pickup.minecraft.bone":5,"stat.horseOneCm":8306,"stat.useItem.minecraft.log2":1,"stat.mineBlock.minecraft.cobblestone":36,"stat.drop.minecraft.leather_helmet":1,"stat.mineBlock.minecraft.brown_mushroom":1,"stat.swimOneCm":49675,"stat.climbOneCm":1126,"stat.useItem.minecraft.dirt":159,"stat.mineBlock.actuallyadditions.block_canola_press":1,"stat.useItem.minecraft.stone_slab2":66,"stat.craftItem.minecraft.furnace":2,"stat.pickup.thermalfoundation.ore":90,"stat.useItem.minecraft.egg":124,"stat.craftItem.minecraft.stone_pickaxe":11,"stat.craftItem.minecraft.cooked_beef":11,"stat.mineBlock.minecraft.magma":1,"stat.pickup.minecraft.cobblestone":573,"stat.mineBlock.minecraft.clay":20,"stat.pickup.extratrees.hops":21,"stat.mineBlock.chisel.limestone2":6,"stat.useItem.minecraft.stone_shovel":401,"stat.flyOneCm":11338,"stat.pickup.minecraft.soul_sand":6,"stat.pickup.actuallyadditions.item_booklet":1,"stat.useItem.chisel.limestone2":1,"stat.useItem.minecraft.cooked_beef":10,"stat.craftItem.ic2.mining_pipe":16,"stat.pickup.minecraft.redstone":21,"stat.mineBlock.minecraft.iron_ore":79,"stat.craftItem.minecraft.book":1,"stat.timeSinceDeath":629847,"stat.useItem.minecraft.sign":6,"stat.pickup.integrateddynamics.on_the_dynamics_of_integration":3,"stat.pickup.minecraft.mutton":5,"stat.killEntity.Bat":1,"stat.mineBlock.minecraft.coal_block":1,"stat.mineBlock.thermalfoundation.ore":71,"stat.drop.minecraft.dirt":12,"stat.drop.thermalexpansion.dynamo":1,"stat.mineBlock.minecraft.coal_ore":77,"stat.killEntity.Creeper":2,"stat.craftItem.minecraft.stone_hoe":4,"stat.talkedToVillager":11,"stat.mineBlock.minecraft.red_mushroom_block":5,"stat.mineBlock.actuallyadditions.block_coffee_machine":1,"stat.craftItem.minecraft.stone_slab2":0,"stat.pickup.actuallyadditions.block_tiny_torch":1,"stat.sprintOneCm":10756,"stat.pickup.actuallyadditions.item_misc":25,"stat.pickup.immersiveengineering.tool":1,"stat.craftItem.minecraft.stick":76,"stat.craftItem.minecraft.wooden_axe":1,"stat.craftItem.thermalexpansion.dynamo":1,"stat.mineBlock.minecraft.crafting_table":2,"stat.pickup.botania.flower":2,"stat.mineBlock.minecraft.planks":22,"stat.drop":22,"stat.craftItem.minecraft.leather_chestplate":1,"stat.craftItem.actuallyadditions.item_misc":2,"stat.killEntity.Sheep":3,"stat.killEntity.Zombie":19,"stat.diveOneCm":13080,"stat.pickup.minecraft.wheat":256,"stat.useItem.thermalfoundation.wrench":6,"stat.pickup.minecraft.sign":1,"stat.pickup.minecraft.gravel":11,"stat.drop.minecraft.cooked_beef":3,"stat.pickup.harvestcraft.mangoitem":3,"stat.useItem.minecraft.apple":1,"stat.craftItem.thermalexpansion.machine":1,"stat.jump":2989,"stat.pickup.minecraft.coal":92,"stat.useItem.minecraft.stone_axe":195,"stat.craftItem.minecraft.bread":87,"stat.craftItem.minecraft.torch":116,"stat.pickup.minecraft.dirt":542,"stat.pickup.harvestcraft.durianitem":4,"stat.useItem.minecraft.cooked_chicken":4,"stat.pickup.minecraft.iron_ore":78,"stat.useItem.minecraft.glass":1,"stat.mineBlock.minecraft.lapis_ore":3,"stat.pickup.actuallyadditions.item_coffee_seed":1,"stat.mineBlock.minecraft.leaves2":5,"stat.damageTaken":3483,"stat.pickup.minecraft.leather":22,"stat.mineBlock.minecraft.red_flower":2,"stat.mineBlock.minecraft.torch":21,"stat.useItem.minecraft.wooden_pickaxe":16,"stat.pickup.minecraft.dark_oak_fence":101,"stat.pickup.minecraft.log2":247,"stat.pickup.ic2.rubber_wood":14,"stat.pickup.minecraft.reeds":36,"stat.damageDealt":10419,"stat.craftItem.minecraft.glass":8,"stat.craftItem.minecraft.cauldron":2,"stat.sleepInBed":5,"stat.killEntity.Cow":13,"stat.craftItem.minecraft.stone_slab":24,"stat.craftItem.minecraft.stone_shovel":3,"stat.walkOneCm":3404570,"stat.useItem.minecraft.chest":5,"stat.playerKills":1,"stat.pickup.minecraft.clay_ball":80,"stat.useItem.minecraft.dark_oak_fence_gate":1,"stat.pickup.minecraft.stone":105,"stat.pickup.biomesoplenty.fleshchunk":7,"stat.pickup.minecraft.ender_pearl":2,"stat.pickup.minecraft.cooked_beef":10,"stat.pickup.actuallyadditions.item_coffee_beans":1,"stat.killEntity.Skeleton":4,"stat.killEntity.Chicken":22,"stat.killEntity.Spider":3,"stat.mineBlock.minecraft.quartz_ore":4,"stat.mineBlock.biomesoplenty.flesh":15,"stat.pickup.minecraft.bread":13,"stat.mineBlock.minecraft.glowstone":3,"stat.mobKills":96,"stat.pickup.minecraft.quartz":4,"stat.craftItem.minecraft.shears":1,"stat.craftItem.ic2.resource":1,"stat.mineBlock.minecraft.leaves":22,"stat.pickup.minecraft.torch":73,"stat.mineBlock.actuallyadditions.block_grinder":1,"stat.mineBlock.minecraft.redstone_ore":5,"stat.mineBlock.minecraft.stone":652}