{"stat.chestOpened":27,"stat.mineBlock.extratrees.leaves.default.19":2,"stat.pickup.harvestcraft.tomatoitem":9,"stat.pickup.forestry.sapling":15,"stat.leaveGame":1,"stat.mineBlock.forestry.leaves":6,"stat.pickup.minecraft.stone_pickaxe":6,"stat.pickup.minecraft.stone_axe":4,"stat.drop.minecraft.red_mushroom":4,"stat.drop.actuallyadditions.item_coffee_beans":2,"stat.pickup.harvestcraft.mangoitem":2,"stat.pickup.harvestcraft.figitem":13,"stat.useItem.minecraft.apple":5,"stat.mineBlock.minecraft.brown_mushroom":1,"stat.pickup.gravestone.death_info":3,"stat.jump":789,"stat.swimOneCm":26269,"stat.pickup.minecraft.coal":4,"stat.pickup.minecraft.cooked_chicken":1,"stat.fallOneCm":7257,"stat.useItem.minecraft.planks":1,"stat.climbOneCm":16,"stat.useItem.minecraft.stone_axe":233,"stat.crouchOneCm":285,"stat.mineBlock.gravestone.gravestone":3,"stat.pickup.minecraft.spider_eye":2,"stat.craftItem.minecraft.chest":1,"stat.pickup.minecraft.dirt":264,"stat.useItem.minecraft.dirt":67,"stat.pickup.minecraft.red_mushroom":4,"stat.useItem.minecraft.stone_slab2":12,"stat.pickup.harvestcraft.calamarirawitem":1,"stat.useItem.minecraft.cooked_chicken":1,"stat.craftingTableInteraction":27,"stat.pickup.minecraft.rotten_flesh":16,"stat.pickup.minecraft.stone_shovel":1,"stat.craftItem.forestry.planks.0":6,"stat.pickup.thermalfoundation.ore":2,"stat.pickup.actuallyadditions.item_coffee_seed":1,"stat.useItem.minecraft.egg":25,"stat.craftItem.minecraft.stone_axe":2,"stat.mineBlock.minecraft.leaves2":8,"stat.mineBlock.minecraft.log2":96,"stat.mineBlock.harvestcraft.pamfig":1,"stat.pickup.minecraft.feather":30,"stat.damageTaken":1159,"stat.pickup.minecraft.cobblestone_wall":18,"stat.pickup.minecraft.bucket":1,"stat.craftItem.minecraft.stone_pickaxe":4,"stat.mineBlock.minecraft.red_flower":6,"stat.pickup.minecraft.cobblestone":244,"stat.mineBlock.minecraft.sapling":8,"stat.pickup.minecraft.log2":175,"stat.craftItem.minecraft.cobblestone_wall":33,"stat.pickup.minecraft.dye":2,"stat.pickup.minecraft.planks":96,"stat.pickup.extratrees.hops":16,"stat.useItem.minecraft.stone_shovel":189,"stat.craftItem.minecraft.stone_sword":2,"stat.flyOneCm":3478,"stat.pickup.minecraft.bed":1,"stat.pickup.forestry.planks.0":2,"stat.pickup.minecraft.wheat_seeds":12,"stat.pickup.minecraft.brown_mushroom":2,"stat.useItem.minecraft.stone_pickaxe":140,"stat.useItem.minecraft.stone_sword":41,"stat.damageDealt":2020,"stat.pickup.extrautils2.wateringcan":1,"stat.craftItem.extrautils2.wateringcan":1,"stat.sleepInBed":3,"stat.craftItem.minecraft.bowl":58,"stat.timeSinceDeath":27013,"stat.hopperInspected":2,"stat.pickup.actuallyadditions.item_canola_seed":2,"stat.mineBlock.minecraft.dirt":212,"stat.craftItem.minecraft.stone_shovel":2,"stat.walkOneCm":1008371,"stat.pickup.immersiveengineering.seed":3,"stat.drop.gravestone.death_info":1,"stat.pickup.minecraft.stick":160,"stat.mineBlock.minecraft.vine":1,"stat.craftItem.minecraft.stone_stairs":8,"stat.pickup.minecraft.crafting_table":2,"stat.mineBlock.thermalfoundation.ore":1,"stat.useItem.minecraft.cobblestone":1,"stat.furnaceInteraction":1,"stat.mineBlock.forestry.logs.3":10,"stat.mineBlock.minecraft.double_plant":1,"stat.mineBlock.minecraft.coal_ore":2,"stat.drop.actuallyadditions.item_misc":1,"stat.pickup.actuallyadditions.item_solidified_experience":6,"stat.mineBlock.minecraft.red_mushroom_block":10,"stat.pickup.minecraft.log":91,"stat.pickup.minecraft.stone":25,"stat.pickup.minecraft.chicken":30,"stat.pickup.minecraft.sapling":47,"stat.killEntity.Squid":2,"stat.pickup.actuallyadditions.item_misc":6,"stat.sprintOneCm":6638,"stat.pickup.minecraft.apple":6,"stat.useItem.minecraft.stone_stairs":5,"stat.craftItem.minecraft.wooden_axe":2,"stat.craftItem.minecraft.stick":112,"stat.pickup.actuallyadditions.item_coffee_beans":21,"stat.craftItem.minecraft.planks":156,"stat.killEntity.Chicken":21,"stat.mineBlock.minecraft.sea_lantern":1,"stat.mineBlock.minecraft.crafting_table":1,"stat.mineBlock.astralsorcery.blockmarble":3,"stat.pickup.forestry.logs.3":10,"stat.pickup.minecraft.stone_sword":1,"stat.mobKills":30,"stat.drop.actuallyadditions.item_coffee_seed":1,"stat.mineBlock.minecraft.log":86,"stat.craftItem.minecraft.cooked_chicken":1,"stat.deaths":3,"stat.pickup.minecraft.bowl":63,"stat.useItem.minecraft.cobblestone_wall":18,"stat.mineBlock.forestry.sapling_ge":10,"stat.drop":9,"stat.mineBlock.minecraft.leaves":115,"stat.pickup.minecraft.egg":22,"stat.playOneMinute":159127,"stat.pickup.minecraft.red_flower":8,"stat.sneakTime":831,"stat.killEntity.Zombie":3,"stat.useItem.minecraft.wooden_axe":120,"stat.mineBlock.minecraft.stone":128,"stat.mineBlock.minecraft.tallgrass":28,"stat.diveOneCm":6879,"stat.pickup.minecraft.wheat":7}